<?xml version="1.0" encoding="UTF-8"?>

<!-- generated on 06/03/20 16:11:06 by Eclipse SUMO netedit Version 1.5.0
<configuration xmlns:xsi="http://www.w3.org/2001/XMLSchema-instance" xsi:noNamespaceSchemaLocation="http://sumo.dlr.de/xsd/netconvertConfiguration.xsd">

    <input>
        <sumo-net-file value="C:\PRKREDDY\June%202020\4way-2lane-New%20Model\only%20Krauss%20CFM\SIMP\data\intersection.net.xml"/>
    </input>

    <output>
        <output-file value="C:\PRKREDDY\June%202020\4way-2lane-New%20Model\only%20Krauss%20CFM\SIMP\data\intersection.net.xml"/>
    </output>

    <processing>
        <geometry.min-radius.fix.railways value="false"/>
        <geometry.max-grade.fix value="false"/>
        <offset.disable-normalization value="true"/>
        <lefthand value="false"/>
    </processing>

    <junctions>
        <no-turnarounds value="true"/>
        <junctions.corner-detail value="0"/>
        <junctions.limit-turn-speed value="-1"/>
        <rectangular-lane-cut value="false"/>
    </junctions>

    <pedestrian>
        <walkingareas value="false"/>
    </pedestrian>

    <netedit>
        <additional-files value="C:\PRKREDDY\June%202020\4way-2lane-New%20Model\only%20Krauss%20CFM\SIMP\data\cross.add.xml"/>
    </netedit>

    <report>
        <aggregate-warnings value="5"/>
    </report>

</configuration>
-->

<additional xmlns:xsi="http://www.w3.org/2001/XMLSchema-instance" xsi:noNamespaceSchemaLocation="http://sumo.dlr.de/xsd/additional_file.xsd">
</additional>
