<additional>

	<vTypeDistribution id="typedist2">
		  
		<vType id="AV" accel="2.6" decel="4.5" emergencyDecel="9" length="5" minGap="5" maxSpeed="8.333" vClass="passenger" probability="0.5" carFollowModel="ACC"  sigma="0" tau="1" color="1, 1, 0" emissionClass="HBEFA4/PC_CNG_petrol_Euro-5_(CNG)"  lcLaneDiscipline="1" latAlignment="center"/>
		<vType id="HV" accel="2.6" decel="4.5" emergencyDecel="9" length="5" minGap="5" maxSpeed="8.333" vClass="passenger" probability="0.5"  sigma="0.5" color="1, 1, 1" emissionClass="HBEFA4/PC_CNG_petrol_Euro-5_(CNG)"  lcLaneDiscipline="1" latAlignment="center"/>
		  
	</vTypeDistribution>
	
	<routeDistribution id="fromNorth1">
        <route id="NW" edges="gneE1 gneE8" probability="0.33"/>
        <route id="NS" edges="gneE1 gneE6" probability="0.33"/>
		<route id="NE" edges="gneE1 gneE4" probability="0.33"/>
    </routeDistribution>
	<routeDistribution id="fromEast1">
        <route id="EN" edges="gneE3 gneE2" probability="0.33"/>
        <route id="EW" edges="gneE3 gneE8" probability="0.33"/>
        <route id="ES" edges="gneE3 gneE6" probability="0.33"/>
    </routeDistribution>
	<routeDistribution id="fromSouth1">
		<route id="SW" edges="gneE5 gneE8" probability="0.33"/>
        <route id="SN" edges="gneE5 gneE2" probability="0.33"/>
        <route id="SE" edges="gneE5 gneE4" probability="0.33"/>
    </routeDistribution>
	<routeDistribution id="fromWest1">
        <route id="WN" edges="gneE7 gneE2" probability="0.33"/>
        <route id="WS" edges="gneE7 gneE6" probability="0.33"/>
        <route id="WE" edges="gneE7 gneE4" probability="0.33"/>
    </routeDistribution>     
	
	<flows>
            <interval begin="0" end="3660">
                <flow id="fn" period="exp(0.133)" type="typedist2" route="fromNorth1"/>
            </interval>
    </flows>
	<flows>
            <interval begin="0" end="3660">
                <flow id="fe" period="exp(0.133)" type="typedist2" route="fromEast1"/>
            </interval>
    </flows>
	<flows>
            <interval begin="0" end="3660">
                <flow id="fw" period="exp(0.133)" type="typedist2" route="fromWest1"/>
            </interval>
    </flows>
	<flows>
            <interval begin="0" end="3660">
                <flow id="fs" period="exp(0.133)" type="typedist2" route="fromSouth1"/>
            </interval>
    </flows>
</additional>