<routes>
        <vType id="typeACC" accel="2.6" decel="4.5" emergencyDecel="9" length="5" minGap="5" maxSpeed="8.33333" guiShape="passenger" carFollowModel="ACC" tau="1" sigma="0.5" eClass="HBEFA3/PC_G_EU4" probability="0.5" color="1, 1, 0" /> 
        
        <vType id="typeHD" accel="2.6" decel="4.5" emergencyDecel="9" length="5" minGap="5" maxSpeed="8.33333" guiShape="passenger" delta="4" tau="1" sigma="0.5" eClass="HBEFA3/PC_G_EU4" probability="0.5" color="1, 0, 0" />
        <vTypeDistribution id="typedist1" vTypes="typeHD typeACC"/> 
        
        <routeDistribution id="fromNorth">
        <route id="NW" edges="gneE1 gneE8" probability="0.33"/>
        <route id="NS" edges="gneE1 gneE6" probability="0.33"/>
		<route id="NE" edges="gneE1 gneE4" probability="0.33"/>
    </routeDistribution>
	<routeDistribution id="fromEast">
        <route id="EN" edges="gneE3 gneE2" probability="0.33"/>
        <route id="EW" edges="gneE3 gneE8" probability="0.33"/>
        <route id="ES" edges="gneE3 gneE6" probability="0.33"/>
    </routeDistribution>
	<routeDistribution id="fromSouth">
		<route id="SW" edges="gneE5 gneE8" probability="0.33"/>
        <route id="SN" edges="gneE5 gneE2" probability="0.33"/>
        <route id="SE" edges="gneE5 gneE4" probability="0.33"/>
    </routeDistribution>
	<routeDistribution id="fromWest">
        <route id="WN" edges="gneE7 gneE2" probability="0.33"/>
        <route id="WS" edges="gneE7 gneE6" probability="0.33"/>
        <route id="WE" edges="gneE7 gneE4" probability="0.33"/>
    </routeDistribution>
        
        
</routes>
