<?xml version="1.0" encoding="UTF-8"?>

<!-- generated on 2022-10-26 12:16:01 by Eclipse SUMO netedit Version 1.14.1
-->

<additional xmlns:xsi="http://www.w3.org/2001/XMLSchema-instance" xsi:noNamespaceSchemaLocation="http://sumo.dlr.de/xsd/additional_file.xsd">
    <!-- Detectors -->
    <e1Detector id="e1_0" lane="gneE2_1" pos="3.04" period="300.00" file="e1_0.xml"/>
    <e1Detector id="e1_1" lane="gneE2_0" pos="3.24" period="300.00" file="e1_1.xml"/>
    <e1Detector id="e1_2" lane="gneE4_1" pos="3.90" period="300.00" file="e1_2.xml"/>
    <e1Detector id="e1_3" lane="gneE4_0" pos="4.10" period="300.00" file="e1_3.xml"/>
    <e1Detector id="e1_4" lane="gneE6_1" pos="3.28" period="300.00" file="e1_4.xml"/>
    <e1Detector id="e1_5" lane="gneE6_0" pos="3.32" period="300.00" file="e1_5.xml"/>
    <e1Detector id="e1_6" lane="gneE8_0" pos="4.04" period="300.00" file="e1_6.xml"/>
    <e1Detector id="e1_7" lane="gneE8_1" pos="4.18" period="300.00" file="e1_7.xml"/>
    <e3Detector id="e3_0" pos="709.68,-396.47" period="300.00" file="e3_0.xml">
        <detEntry lane="gneE7_0" pos="381.76"/>
        <detEntry lane="gneE7_1" pos="381.83"/>
        <detExit lane="gneE7_1" pos="496.14"/>
        <detExit lane="gneE7_0" pos="496.20"/>
    </e3Detector>
    <e3Detector id="e3_1" pos="796.97,-434.80" period="300.00" file="e3_1.xml">
        <detEntry lane="gneE5_0" pos="419.38"/>
        <detEntry lane="gneE5_1" pos="419.59"/>
        <detExit lane="gneE5_1" pos="496.38"/>
        <detExit lane="gneE5_0" pos="496.49"/>
    </e3Detector>
    <e3Detector id="e3_2" pos="858.29,-370.75" period="300.00" file="e3_2.xml">
        <detEntry lane="gneE3_0" pos="372.43"/>
        <detEntry lane="gneE3_1" pos="372.09"/>
        <detExit lane="gneE3_0" pos="495.48"/>
        <detExit lane="gneE3_1" pos="495.35"/>
    </e3Detector>
    <e3Detector id="e3_3" pos="771.20,-329.69" period="300.00" file="e3_3.xml">
        <detEntry lane="gneE1_0" pos="410.59"/>
        <detEntry lane="gneE1_1" pos="410.66"/>
        <detExit lane="gneE1_0" pos="495.46"/>
        <detExit lane="gneE1_1" pos="495.59"/>
    </e3Detector>
</additional>
