<?xml version="1.0" encoding="UTF-8"?>

<!-- generated on 2022-11-03 12:03:45 by Eclipse SUMO netedit Version 1.14.1
<configuration xmlns:xsi="http://www.w3.org/2001/XMLSchema-instance" xsi:noNamespaceSchemaLocation="http://sumo.dlr.de/xsd/netconvertConfiguration.xsd">

    <input>
        <sumo-net-file value="C:\PRKREDDY\2022\November\For%20Videos\SIMP-D\data\cross.net.xml"/>
    </input>

    <output>
        <output-file value="C:\PRKREDDY\2022\November\For%20Videos\SIMP-D\data\cross.net.xml"/>
    </output>

    <processing>
        <geometry.min-radius.fix.railways value="false"/>
        <geometry.max-grade.fix value="false"/>
        <offset.disable-normalization value="true"/>
        <lefthand value="false"/>
    </processing>

    <junctions>
        <no-turnarounds value="true"/>
        <junctions.corner-detail value="5"/>
        <junctions.limit-turn-speed value="5.5"/>
        <rectangular-lane-cut value="false"/>
    </junctions>

    <pedestrian>
        <walkingareas value="false"/>
    </pedestrian>

</configuration>
-->

<net version="1.9" junctionCornerDetail="5" limitTurnSpeed="5.50" xmlns:xsi="http://www.w3.org/2001/XMLSchema-instance" xsi:noNamespaceSchemaLocation="http://sumo.dlr.de/xsd/net_file.xsd">

    <location netOffset="384.00,1550.84" convBoundary="383.99,-783.44,1167.30,0.00" origBoundary="0.00,0.00,400.00,400.00" projParameter="!"/>

    <edge id=":1_0" function="internal">
        <lane id=":1_0_0" index="0" speed="7.14" length="10.49" width="5.00" shape="775.85,-369.30 775.45,-372.15 774.23,-374.18 772.20,-375.41 769.35,-375.82"/>
    </edge>
    <edge id=":1_1" function="internal">
        <lane id=":1_1_0" index="0" speed="13.89" length="28.05" width="5.00" shape="775.85,-369.30 775.89,-397.35"/>
    </edge>
    <edge id=":1_2" function="internal">
        <lane id=":1_2_0" index="0" speed="10.90" length="26.63" width="5.00" shape="780.85,-369.30 781.88,-376.52 784.98,-381.67 790.15,-384.77 797.38,-385.80"/>
    </edge>
    <edge id=":1_3" function="internal">
        <lane id=":1_3_0" index="0" speed="7.14" length="10.50" width="5.00" shape="797.38,-375.80 794.52,-375.39 792.48,-374.17 791.26,-372.14 790.85,-369.30"/>
    </edge>
    <edge id=":1_4" function="internal">
        <lane id=":1_4_0" index="0" speed="13.89" length="28.02" width="5.00" shape="797.38,-375.80 769.35,-375.82"/>
    </edge>
    <edge id=":1_5" function="internal">
        <lane id=":1_5_0" index="0" speed="10.89" length="26.65" width="5.00" shape="797.38,-380.80 790.15,-381.83 784.99,-384.93 781.90,-390.10 780.89,-397.34"/>
    </edge>
    <edge id=":1_6" function="internal">
        <lane id=":1_6_0" index="0" speed="7.13" length="10.49" width="5.00" shape="790.89,-397.31 791.29,-394.46 792.50,-392.43 794.53,-391.21 797.38,-390.80"/>
    </edge>
    <edge id=":1_7" function="internal">
        <lane id=":1_7_0" index="0" speed="13.89" length="28.01" width="5.00" shape="790.89,-397.31 790.85,-369.30"/>
    </edge>
    <edge id=":1_8" function="internal">
        <lane id=":1_8_0" index="0" speed="10.91" length="26.63" width="5.00" shape="785.89,-397.32 784.84,-390.09 781.73,-384.93 776.57,-381.84 769.36,-380.82"/>
    </edge>
    <edge id=":1_9" function="internal">
        <lane id=":1_9_0" index="0" speed="7.15" length="10.52" width="5.00" shape="769.37,-390.82 772.22,-391.22 774.25,-392.45 775.48,-394.49 775.89,-397.35"/>
    </edge>
    <edge id=":1_10" function="internal">
        <lane id=":1_10_0" index="0" speed="13.89" length="28.01" width="5.00" shape="769.37,-390.82 797.38,-390.80"/>
    </edge>
    <edge id=":1_11" function="internal">
        <lane id=":1_11_0" index="0" speed="10.90" length="26.61" width="5.00" shape="769.37,-385.82 776.58,-384.78 781.73,-381.68 784.82,-376.52 785.85,-369.30"/>
    </edge>
    <edge id=":gneJ4_0" function="internal">
        <lane id=":gneJ4_0_0" index="0" speed="4.56" length="7.30" width="5.00" shape="1167.30,-385.77 1169.18,-384.52 1169.80,-383.27 1169.17,-382.02 1167.30,-380.77"/>
    </edge>
    <edge id=":gneJ5_0" function="internal">
        <lane id=":gneJ5_0_0" index="0" speed="4.56" length="7.30" width="5.00" shape="785.91,-0.00 784.66,1.87 783.41,2.50 782.16,1.88 780.91,0.00"/>
    </edge>

    <edge id="gneE1" from="gneJ5" to="1" priority="1" length="500.00">
        <lane id="gneE1_0" index="0" speed="13.89" length="500.00" width="5.00" shape="775.91,0.00 775.85,-369.30"/>
        <lane id="gneE1_1" index="1" speed="13.89" length="500.00" width="5.00" shape="780.91,0.00 780.85,-369.30"/>
    </edge>
    <edge id="gneE2" from="1" to="gneJ5" priority="1" length="500.00">
        <lane id="gneE2_0" index="0" speed="13.89" length="500.00" width="5.00" shape="790.85,-369.30 790.91,-0.00"/>
        <lane id="gneE2_1" index="1" speed="13.89" length="500.00" width="5.00" shape="785.85,-369.30 785.91,-0.00"/>
    </edge>
    <edge id="gneE3" from="gneJ4" to="1" priority="1" length="500.00">
        <lane id="gneE3_0" index="0" speed="13.89" length="500.00" width="5.00" shape="1167.30,-375.77 797.38,-375.80"/>
        <lane id="gneE3_1" index="1" speed="13.89" length="500.00" width="5.00" shape="1167.30,-380.77 797.38,-380.80"/>
    </edge>
    <edge id="gneE4" from="1" to="gneJ4" priority="1" length="500.00">
        <lane id="gneE4_0" index="0" speed="13.89" length="500.00" width="5.00" shape="797.38,-390.80 1167.30,-390.77"/>
        <lane id="gneE4_1" index="1" speed="13.89" length="500.00" width="5.00" shape="797.38,-385.80 1167.30,-385.77"/>
    </edge>
    <edge id="gneE5" from="3" to="1" priority="1" length="500.00">
        <lane id="gneE5_0" index="0" speed="13.90" length="500.00" width="5.00" shape="792.03,-783.42 790.89,-397.31"/>
        <lane id="gneE5_1" index="1" speed="13.90" length="500.00" width="5.00" shape="787.03,-783.43 785.89,-397.32"/>
    </edge>
    <edge id="gneE6" from="1" to="3" priority="1" length="500.00">
        <lane id="gneE6_0" index="0" speed="13.90" length="500.00" width="5.00" shape="775.89,-397.35 777.03,-783.46"/>
        <lane id="gneE6_1" index="1" speed="13.90" length="500.00" width="5.00" shape="780.89,-397.34 782.03,-783.45"/>
    </edge>
    <edge id="gneE7" from="0" to="1" priority="1" length="500.00">
        <lane id="gneE7_0" index="0" speed="13.90" length="500.00" width="5.00" shape="384.00,-391.25 769.37,-390.82"/>
        <lane id="gneE7_1" index="1" speed="13.90" length="500.00" width="5.00" shape="383.99,-386.25 769.37,-385.82"/>
    </edge>
    <edge id="gneE8" from="1" to="0" priority="1" length="500.00">
        <lane id="gneE8_0" index="0" speed="13.90" length="500.00" width="5.00" shape="769.35,-375.82 383.98,-376.25"/>
        <lane id="gneE8_1" index="1" speed="13.90" length="500.00" width="5.00" shape="769.36,-380.82 383.99,-381.25"/>
    </edge>

    <tlLogic id="1" type="static" programID="0" offset="0">
        <phase duration="2.50"  state="GGrrrrGGrrrr"/>
        <phase duration="1"  state="rrrrrrrrrrrr"/>
        <phase duration="3"  state="GrGGrrGrGGrr"/>
        <phase duration="1"  state="rrrrrrrrrrrr"/>
        <phase duration="2.50"  state="rrrGGrrrrGGr"/>
        <phase duration="1"  state="rrrrrrrrrrrr"/>
        <phase duration="3"  state="GrrGrGGrrGrG"/>
        <phase duration="1"  state="rrrrrrrrrrrr"/>
    </tlLogic>

    <junction id="0" type="dead_end" x="383.99" y="-383.75" incLanes="gneE8_0 gneE8_1" intLanes="" shape="383.99,-383.75 383.98,-373.75 383.99,-383.75"/>
    <junction id="1" type="traffic_light" x="783.35" y="-383.30" incLanes="gneE1_0 gneE1_1 gneE3_0 gneE3_1 gneE5_0 gneE5_1 gneE7_0 gneE7_1" intLanes=":1_0_0 :1_1_0 :1_2_0 :1_3_0 :1_4_0 :1_5_0 :1_6_0 :1_7_0 :1_8_0 :1_9_0 :1_10_0 :1_11_0" shape="773.35,-369.30 793.35,-369.30 793.80,-371.52 794.36,-372.30 795.14,-372.85 796.15,-373.19 797.38,-373.30 797.38,-393.30 795.16,-393.74 794.38,-394.30 793.83,-395.08 793.50,-396.08 793.39,-397.30 773.39,-397.36 772.94,-395.11 772.38,-394.32 771.60,-393.76 770.60,-393.43 769.37,-393.32 769.35,-373.32 771.57,-372.87 772.35,-372.31 772.91,-371.53 773.24,-370.52">
        <request index="0"  response="000000010000" foes="000000010000" cont="0"/>
        <request index="1"  response="111000010000" foes="111100010000" cont="0"/>
        <request index="2"  response="100010110000" foes="100010110000" cont="0"/>
        <request index="3"  response="000000000000" foes="000010000000" cont="0"/>
        <request index="4"  response="000000000000" foes="100010000111" cont="0"/>
        <request index="5"  response="010000000000" foes="010110000100" cont="0"/>
        <request index="6"  response="010000000000" foes="010000000000" cont="0"/>
        <request index="7"  response="010000111000" foes="010000111100" cont="0"/>
        <request index="8"  response="110000100010" foes="110000100010" cont="0"/>
        <request index="9"  response="000000000000" foes="000000000010" cont="0"/>
        <request index="10" response="000000000000" foes="000111100010" cont="0"/>
        <request index="11" response="000000010000" foes="000100010110" cont="0"/>
    </junction>
    <junction id="3" type="dead_end" x="784.53" y="-783.44" incLanes="gneE6_0 gneE6_1" intLanes="" shape="784.53,-783.44 774.53,-783.47 784.53,-783.44"/>
    <junction id="gneJ4" type="priority" x="1167.30" y="-383.27" incLanes="gneE4_0 gneE4_1" intLanes=":gneJ4_0_0" shape="1167.30,-383.27 1167.30,-393.27 1167.30,-383.27">
        <request index="0" response="0" foes="0" cont="0"/>
    </junction>
    <junction id="gneJ5" type="priority" x="783.41" y="0.00" incLanes="gneE2_0 gneE2_1" intLanes=":gneJ5_0_0" shape="783.41,-0.00 793.41,-0.00 783.41,-0.00">
        <request index="0" response="0" foes="0" cont="0"/>
    </junction>

    <connection from="gneE1" to="gneE8" fromLane="0" toLane="0" via=":1_0_0" tl="1" linkIndex="0" dir="r" state="o"/>
    <connection from="gneE1" to="gneE6" fromLane="0" toLane="0" via=":1_1_0" tl="1" linkIndex="1" dir="s" state="o"/>
    <connection from="gneE1" to="gneE4" fromLane="1" toLane="1" via=":1_2_0" tl="1" linkIndex="2" dir="l" state="o"/>
    <connection from="gneE2" to="gneE1" fromLane="1" toLane="1" via=":gneJ5_0_0" dir="t" state="M"/>
    <connection from="gneE3" to="gneE2" fromLane="0" toLane="0" via=":1_3_0" tl="1" linkIndex="3" dir="r" state="O"/>
    <connection from="gneE3" to="gneE8" fromLane="0" toLane="0" via=":1_4_0" tl="1" linkIndex="4" dir="s" state="O"/>
    <connection from="gneE3" to="gneE6" fromLane="1" toLane="1" via=":1_5_0" tl="1" linkIndex="5" dir="l" state="o"/>
    <connection from="gneE4" to="gneE3" fromLane="1" toLane="1" via=":gneJ4_0_0" dir="t" state="M"/>
    <connection from="gneE5" to="gneE4" fromLane="0" toLane="0" via=":1_6_0" tl="1" linkIndex="6" dir="r" state="o"/>
    <connection from="gneE5" to="gneE2" fromLane="0" toLane="0" via=":1_7_0" tl="1" linkIndex="7" dir="s" state="o"/>
    <connection from="gneE5" to="gneE8" fromLane="1" toLane="1" via=":1_8_0" tl="1" linkIndex="8" dir="l" state="o"/>
    <connection from="gneE7" to="gneE6" fromLane="0" toLane="0" via=":1_9_0" tl="1" linkIndex="9" dir="r" state="O"/>
    <connection from="gneE7" to="gneE4" fromLane="0" toLane="0" via=":1_10_0" tl="1" linkIndex="10" dir="s" state="O"/>
    <connection from="gneE7" to="gneE2" fromLane="1" toLane="1" via=":1_11_0" tl="1" linkIndex="11" dir="l" state="o"/>

    <connection from=":1_0" to="gneE8" fromLane="0" toLane="0" dir="r" state="M"/>
    <connection from=":1_1" to="gneE6" fromLane="0" toLane="0" dir="s" state="M"/>
    <connection from=":1_2" to="gneE4" fromLane="0" toLane="1" dir="l" state="M"/>
    <connection from=":1_3" to="gneE2" fromLane="0" toLane="0" dir="r" state="M"/>
    <connection from=":1_4" to="gneE8" fromLane="0" toLane="0" dir="s" state="M"/>
    <connection from=":1_5" to="gneE6" fromLane="0" toLane="1" dir="l" state="M"/>
    <connection from=":1_6" to="gneE4" fromLane="0" toLane="0" dir="r" state="M"/>
    <connection from=":1_7" to="gneE2" fromLane="0" toLane="0" dir="s" state="M"/>
    <connection from=":1_8" to="gneE8" fromLane="0" toLane="1" dir="l" state="M"/>
    <connection from=":1_9" to="gneE6" fromLane="0" toLane="0" dir="r" state="M"/>
    <connection from=":1_10" to="gneE4" fromLane="0" toLane="0" dir="s" state="M"/>
    <connection from=":1_11" to="gneE2" fromLane="0" toLane="1" dir="l" state="M"/>
    <connection from=":gneJ4_0" to="gneE3" fromLane="0" toLane="1" dir="t" state="M"/>
    <connection from=":gneJ5_0" to="gneE1" fromLane="0" toLane="1" dir="t" state="M"/>

</net>
