<?xml version="1.0" encoding="UTF-8"?>

<!-- generated on 2022-08-14 15:34:57 by Eclipse SUMO netedit Version 1.14.1
<configuration xmlns:xsi="http://www.w3.org/2001/XMLSchema-instance" xsi:noNamespaceSchemaLocation="http://sumo.dlr.de/xsd/netconvertConfiguration.xsd">

    <input>
        <sumo-net-file value="C:\PRKREDDY\2022\August\Grid-Multi-lane\Homogeneous\RR-D\data\cross.net.xml"/>
    </input>

    <output>
        <output-file value="C:\PRKREDDY\2022\August\Grid-Multi-lane\Homogeneous\RR-D\data\cross.net.xml"/>
    </output>

    <processing>
        <geometry.min-radius.fix.railways value="false"/>
        <geometry.max-grade.fix value="false"/>
        <offset.disable-normalization value="true"/>
        <lefthand value="true"/>
    </processing>

    <junctions>
        <no-turnarounds value="true"/>
        <junctions.corner-detail value="5"/>
        <junctions.limit-turn-speed value="5.5"/>
        <rectangular-lane-cut value="false"/>
    </junctions>

    <pedestrian>
        <walkingareas value="false"/>
    </pedestrian>

</configuration>
-->

<net version="1.9" junctionCornerDetail="5" lefthand="true" limitTurnSpeed="5.50" xmlns:xsi="http://www.w3.org/2001/XMLSchema-instance" xsi:noNamespaceSchemaLocation="http://sumo.dlr.de/xsd/net_file.xsd">

    <location netOffset="384.00,1550.84" convBoundary="0.00,-1167.17,1168.83,0.00" origBoundary="0.00,0.00,400.00,400.00" projParameter="!"/>

    <edge id=":0_0" function="internal">
        <lane id=":0_0_0" index="0" speed="7.13" length="10.48" width="5.00" shape="376.47,-397.75 376.07,-394.91 374.85,-392.88 372.82,-391.66 369.97,-391.25"/>
    </edge>
    <edge id=":0_1" function="internal">
        <lane id=":0_1_0" index="0" speed="13.89" length="28.02" width="5.00" shape="376.47,-397.75 376.49,-369.74"/>
    </edge>
    <edge id=":0_2" function="internal">
        <lane id=":0_2_0" index="0" speed="10.92" length="26.69" width="5.00" shape="381.47,-397.76 382.52,-390.54 385.63,-385.38 390.81,-382.27 398.06,-381.23"/>
    </edge>
    <edge id=":0_3" function="internal">
        <lane id=":0_3_0" index="0" speed="7.15" length="10.51" width="5.00" shape="398.07,-391.23 395.23,-391.65 393.20,-392.87 391.98,-394.92 391.57,-397.78"/>
    </edge>
    <edge id=":0_4" function="internal">
        <lane id=":0_4_0" index="0" speed="13.89" length="28.10" width="5.00" shape="398.07,-391.23 369.97,-391.25"/>
    </edge>
    <edge id=":0_5" function="internal">
        <lane id=":0_5_0" index="0" speed="10.90" length="26.67" width="5.00" shape="398.07,-386.23 390.81,-385.21 385.63,-382.12 382.53,-376.96 381.49,-369.74"/>
    </edge>
    <edge id=":0_6" function="internal">
        <lane id=":0_6_0" index="0" speed="7.15" length="10.53" width="5.00" shape="391.49,-369.74 391.90,-372.58 393.13,-374.61 395.18,-375.83 398.06,-376.23"/>
    </edge>
    <edge id=":0_7" function="internal">
        <lane id=":0_7_0" index="0" speed="13.89" length="28.04" width="5.00" shape="391.49,-369.74 391.57,-397.78"/>
    </edge>
    <edge id=":0_8" function="internal">
        <lane id=":0_8_0" index="0" speed="10.90" length="26.63" width="5.00" shape="386.49,-369.74 385.46,-376.96 382.36,-382.12 377.20,-385.22 369.97,-386.25"/>
    </edge>
    <edge id=":0_9" function="internal">
        <lane id=":0_9_0" index="0" speed="7.14" length="10.50" width="5.00" shape="369.97,-376.25 372.82,-375.84 374.86,-374.62 376.08,-372.59 376.49,-369.74"/>
    </edge>
    <edge id=":0_10" function="internal">
        <lane id=":0_10_0" index="0" speed="13.89" length="28.08" width="5.00" shape="369.97,-376.25 398.06,-376.23"/>
    </edge>
    <edge id=":0_11" function="internal">
        <lane id=":0_11_0" index="0" speed="10.91" length="26.71" width="5.00" shape="369.97,-381.25 377.24,-382.28 382.43,-385.38 385.54,-390.54 386.57,-397.77"/>
    </edge>
    <edge id=":1_0" function="internal">
        <lane id=":1_0_0" index="0" speed="7.15" length="10.52" width="5.00" shape="775.89,-397.35 775.48,-394.49 774.25,-392.45 772.22,-391.22 769.37,-390.82"/>
    </edge>
    <edge id=":1_1" function="internal">
        <lane id=":1_1_0" index="0" speed="13.89" length="28.05" width="5.00" shape="775.89,-397.35 775.85,-369.30"/>
    </edge>
    <edge id=":1_2" function="internal">
        <lane id=":1_2_0" index="0" speed="10.89" length="26.65" width="5.00" shape="780.89,-397.34 781.90,-390.10 784.99,-384.93 790.15,-381.83 797.38,-380.80"/>
    </edge>
    <edge id=":1_3" function="internal">
        <lane id=":1_3_0" index="0" speed="7.13" length="10.49" width="5.00" shape="797.38,-390.80 794.53,-391.21 792.50,-392.43 791.29,-394.46 790.89,-397.31"/>
    </edge>
    <edge id=":1_4" function="internal">
        <lane id=":1_4_0" index="0" speed="13.89" length="28.01" width="5.00" shape="797.38,-390.80 769.37,-390.82"/>
    </edge>
    <edge id=":1_5" function="internal">
        <lane id=":1_5_0" index="0" speed="10.90" length="26.63" width="5.00" shape="797.38,-385.80 790.15,-384.77 784.98,-381.67 781.88,-376.52 780.85,-369.30"/>
    </edge>
    <edge id=":1_6" function="internal">
        <lane id=":1_6_0" index="0" speed="7.14" length="10.50" width="5.00" shape="790.85,-369.30 791.26,-372.14 792.48,-374.17 794.52,-375.39 797.38,-375.80"/>
    </edge>
    <edge id=":1_7" function="internal">
        <lane id=":1_7_0" index="0" speed="13.89" length="28.01" width="5.00" shape="790.85,-369.30 790.89,-397.31"/>
    </edge>
    <edge id=":1_8" function="internal">
        <lane id=":1_8_0" index="0" speed="10.90" length="26.61" width="5.00" shape="785.85,-369.30 784.82,-376.52 781.73,-381.68 776.58,-384.78 769.37,-385.82"/>
    </edge>
    <edge id=":1_9" function="internal">
        <lane id=":1_9_0" index="0" speed="7.14" length="10.49" width="5.00" shape="769.35,-375.82 772.20,-375.41 774.23,-374.18 775.45,-372.15 775.85,-369.30"/>
    </edge>
    <edge id=":1_10" function="internal">
        <lane id=":1_10_0" index="0" speed="13.89" length="28.02" width="5.00" shape="769.35,-375.82 797.38,-375.80"/>
    </edge>
    <edge id=":1_11" function="internal">
        <lane id=":1_11_0" index="0" speed="10.91" length="26.63" width="5.00" shape="769.36,-380.82 776.57,-381.84 781.73,-384.93 784.84,-390.09 785.89,-397.32"/>
    </edge>
    <edge id=":2_0" function="internal">
        <lane id=":2_0_0" index="0" speed="7.14" length="10.51" width="5.00" shape="375.90,-797.25 375.49,-794.40 374.27,-792.36 372.24,-791.14 369.39,-790.73"/>
    </edge>
    <edge id=":2_1" function="internal">
        <lane id=":2_1_0" index="0" speed="13.89" length="28.05" width="5.00" shape="375.90,-797.25 375.90,-769.20"/>
    </edge>
    <edge id=":2_2" function="internal">
        <lane id=":2_2_0" index="0" speed="10.90" length="26.71" width="5.00" shape="380.90,-797.25 381.93,-790.02 385.04,-784.85 390.22,-781.76 397.49,-780.73"/>
    </edge>
    <edge id=":2_3" function="internal">
        <lane id=":2_3_0" index="0" speed="7.15" length="10.56" width="5.00" shape="397.49,-790.73 394.60,-791.13 392.54,-792.35 391.31,-794.38 390.90,-797.23"/>
    </edge>
    <edge id=":2_4" function="internal">
        <lane id=":2_4_0" index="0" speed="13.89" length="28.09" width="5.00" shape="397.49,-790.73 369.39,-790.73"/>
    </edge>
    <edge id=":2_5" function="internal">
        <lane id=":2_5_0" index="0" speed="10.91" length="26.70" width="5.00" shape="397.49,-785.73 390.22,-784.69 385.04,-781.59 381.93,-776.43 380.90,-769.21"/>
    </edge>
    <edge id=":2_6" function="internal">
        <lane id=":2_6_0" index="0" speed="7.13" length="10.48" width="5.00" shape="391.00,-769.22 391.40,-772.07 392.62,-774.10 394.65,-775.32 397.49,-775.73"/>
    </edge>
    <edge id=":2_7" function="internal">
        <lane id=":2_7_0" index="0" speed="13.89" length="28.01" width="5.00" shape="391.00,-769.22 390.90,-797.23"/>
    </edge>
    <edge id=":2_8" function="internal">
        <lane id=":2_8_0" index="0" speed="10.92" length="26.70" width="5.00" shape="386.00,-769.21 384.95,-776.44 381.84,-781.60 376.65,-784.69 369.39,-785.73"/>
    </edge>
    <edge id=":2_9" function="internal">
        <lane id=":2_9_0" index="0" speed="7.15" length="10.52" width="5.00" shape="369.38,-775.73 372.23,-775.32 374.27,-774.10 375.49,-772.05 375.90,-769.20"/>
    </edge>
    <edge id=":2_10" function="internal">
        <lane id=":2_10_0" index="0" speed="13.89" length="28.11" width="5.00" shape="369.38,-775.73 397.49,-775.73"/>
    </edge>
    <edge id=":2_11" function="internal">
        <lane id=":2_11_0" index="0" speed="10.90" length="26.62" width="5.00" shape="369.39,-780.73 376.60,-781.76 381.76,-784.85 384.86,-790.01 385.90,-797.24"/>
    </edge>
    <edge id=":3_0" function="internal">
        <lane id=":3_0_0" index="0" speed="7.14" length="10.50" width="5.00" shape="777.01,-797.44 776.61,-794.59 775.38,-792.56 773.35,-791.34 770.49,-790.93"/>
    </edge>
    <edge id=":3_1" function="internal">
        <lane id=":3_1_0" index="0" speed="13.89" length="28.01" width="5.00" shape="777.01,-797.44 776.99,-769.43"/>
    </edge>
    <edge id=":3_2" function="internal">
        <lane id=":3_2_0" index="0" speed="10.90" length="26.61" width="5.00" shape="782.01,-797.45 783.05,-790.22 786.15,-785.07 791.31,-781.98 798.52,-780.95"/>
    </edge>
    <edge id=":3_3" function="internal">
        <lane id=":3_3_0" index="0" speed="7.14" length="10.50" width="5.00" shape="798.52,-790.95 795.67,-791.35 793.64,-792.57 792.42,-794.61 792.01,-797.46"/>
    </edge>
    <edge id=":3_4" function="internal">
        <lane id=":3_4_0" index="0" speed="13.89" length="28.03" width="5.00" shape="798.52,-790.95 770.49,-790.93"/>
    </edge>
    <edge id=":3_5" function="internal">
        <lane id=":3_5_0" index="0" speed="10.91" length="26.64" width="5.00" shape="798.52,-785.95 791.31,-784.91 786.15,-781.81 783.04,-776.64 781.99,-769.41"/>
    </edge>
    <edge id=":3_6" function="internal">
        <lane id=":3_6_0" index="0" speed="7.17" length="10.56" width="5.00" shape="791.99,-769.38 792.40,-772.25 793.63,-774.30 795.67,-775.54 798.53,-775.95"/>
    </edge>
    <edge id=":3_7" function="internal">
        <lane id=":3_7_0" index="0" speed="13.89" length="28.08" width="5.00" shape="791.99,-769.38 792.01,-797.46"/>
    </edge>
    <edge id=":3_8" function="internal">
        <lane id=":3_8_0" index="0" speed="10.89" length="26.66" width="5.00" shape="786.99,-769.40 785.98,-776.63 782.89,-781.80 777.73,-784.90 770.49,-785.93"/>
    </edge>
    <edge id=":3_9" function="internal">
        <lane id=":3_9_0" index="0" speed="7.13" length="10.49" width="5.00" shape="770.50,-775.93 773.35,-775.53 775.38,-774.31 776.59,-772.27 776.99,-769.43"/>
    </edge>
    <edge id=":3_10" function="internal">
        <lane id=":3_10_0" index="0" speed="13.89" length="28.03" width="5.00" shape="770.50,-775.93 798.53,-775.95"/>
    </edge>
    <edge id=":3_11" function="internal">
        <lane id=":3_11_0" index="0" speed="10.90" length="26.64" width="5.00" shape="770.50,-780.93 777.73,-781.97 782.89,-785.07 785.99,-790.23 787.01,-797.45"/>
    </edge>
    <edge id=":gneJ0_0" function="internal">
        <lane id=":gneJ0_0_0" index="0" speed="4.56" length="7.30" width="5.00" shape="0.00,-386.27 -1.87,-385.02 -2.50,-383.77 -1.88,-382.52 -0.00,-381.27"/>
    </edge>
    <edge id=":gneJ10_0" function="internal">
        <lane id=":gneJ10_0_0" index="0" speed="4.56" length="7.30" width="5.00" shape="786.47,-1166.83 785.22,-1168.71 783.97,-1169.33 782.72,-1168.70 781.47,-1166.83"/>
    </edge>
    <edge id=":gneJ12_0" function="internal">
        <lane id=":gneJ12_0_0" index="0" speed="4.56" length="7.30" width="5.00" shape="386.49,-1167.17 385.24,-1169.04 383.99,-1169.67 382.74,-1169.05 381.49,-1167.17"/>
    </edge>
    <edge id=":gneJ13_0" function="internal">
        <lane id=":gneJ13_0_0" index="0" speed="4.56" length="7.30" width="5.00" shape="0.00,-786.03 -1.87,-784.78 -2.50,-783.53 -1.88,-782.28 -0.00,-781.03"/>
    </edge>
    <edge id=":gneJ2_0" function="internal">
        <lane id=":gneJ2_0_0" index="0" speed="4.56" length="7.30" width="5.00" shape="381.48,-0.50 382.73,1.37 383.98,2.00 385.23,1.38 386.48,-0.50"/>
    </edge>
    <edge id=":gneJ4_0" function="internal">
        <lane id=":gneJ4_0_0" index="0" speed="4.56" length="7.30" width="5.00" shape="1167.30,-380.77 1169.17,-382.02 1169.80,-383.27 1169.18,-384.52 1167.30,-385.77"/>
    </edge>
    <edge id=":gneJ5_0" function="internal">
        <lane id=":gneJ5_0_0" index="0" speed="4.56" length="7.30" width="5.00" shape="780.91,0.00 782.16,1.88 783.41,2.50 784.66,1.87 785.91,-0.00"/>
    </edge>
    <edge id=":gneJ7_0" function="internal">
        <lane id=":gneJ7_0_0" index="0" speed="4.56" length="7.30" width="5.00" shape="1168.83,-781.16 1170.71,-782.41 1171.33,-783.66 1170.70,-784.91 1168.83,-786.16"/>
    </edge>

    <edge id="0-1" from="0" to="1" priority="1" length="500.00">
        <lane id="0-1_0" index="0" speed="13.90" length="500.00" width="5.00" shape="398.06,-376.23 769.35,-375.82"/>
        <lane id="0-1_1" index="1" speed="13.90" length="500.00" width="5.00" shape="398.06,-381.23 769.36,-380.82"/>
    </edge>
    <edge id="0-2" from="0" to="2" priority="1" spreadType="center" length="500.00" shape="389.09,-383.76 388.48,-783.29">
        <lane id="0-2_0" index="0" speed="13.90" length="500.00" width="5.00" shape="391.57,-397.78 391.00,-769.22"/>
        <lane id="0-2_1" index="1" speed="13.90" length="500.00" width="5.00" shape="386.57,-397.77 386.00,-769.21"/>
    </edge>
    <edge id="1-0" from="1" to="0" priority="1" length="500.00">
        <lane id="1-0_0" index="0" speed="13.90" length="500.00" width="5.00" shape="769.37,-390.82 398.07,-391.23"/>
        <lane id="1-0_1" index="1" speed="13.90" length="500.00" width="5.00" shape="769.37,-385.82 398.07,-386.23"/>
    </edge>
    <edge id="1-3" from="1" to="3" priority="1" length="500.00">
        <lane id="1-3_0" index="0" speed="13.90" length="500.00" width="5.00" shape="790.89,-397.31 791.99,-769.38"/>
        <lane id="1-3_1" index="1" speed="13.90" length="500.00" width="5.00" shape="785.89,-397.32 786.99,-769.40"/>
    </edge>
    <edge id="2-0" from="2" to="0" priority="1" length="500.00">
        <lane id="2-0_0" index="0" speed="13.90" length="500.00" width="5.00" shape="375.90,-769.20 376.47,-397.75"/>
        <lane id="2-0_1" index="1" speed="13.90" length="500.00" width="5.00" shape="380.90,-769.21 381.47,-397.76"/>
    </edge>
    <edge id="2-3" from="2" to="3" priority="1" length="500.00">
        <lane id="2-3_0" index="0" speed="13.90" length="500.00" width="5.00" shape="397.49,-775.73 770.50,-775.93"/>
        <lane id="2-3_1" index="1" speed="13.90" length="500.00" width="5.00" shape="397.49,-780.73 770.50,-780.93"/>
    </edge>
    <edge id="3-1" from="3" to="1" priority="1" length="500.00">
        <lane id="3-1_0" index="0" speed="13.90" length="500.00" width="5.00" shape="776.99,-769.43 775.89,-397.35"/>
        <lane id="3-1_1" index="1" speed="13.90" length="500.00" width="5.00" shape="781.99,-769.41 780.89,-397.34"/>
    </edge>
    <edge id="3-2" from="3" to="2" priority="1" length="500.00">
        <lane id="3-2_0" index="0" speed="13.90" length="500.00" width="5.00" shape="770.49,-790.93 397.49,-790.73"/>
        <lane id="3-2_1" index="1" speed="13.90" length="500.00" width="5.00" shape="770.49,-785.93 397.49,-785.73"/>
    </edge>
    <edge id="gneE0" from="0" to="gneJ0" priority="1" length="500.00">
        <lane id="gneE0_0" index="0" speed="13.89" length="500.00" width="5.00" shape="369.97,-391.25 0.00,-391.27"/>
        <lane id="gneE0_1" index="1" speed="13.89" length="500.00" width="5.00" shape="369.97,-386.25 0.00,-386.27"/>
    </edge>
    <edge id="gneE10" from="3" to="gneJ7" priority="1" length="500.00">
        <lane id="gneE10_0" index="0" speed="13.89" length="500.00" width="5.00" shape="798.53,-775.95 1168.83,-776.16"/>
        <lane id="gneE10_1" index="1" speed="13.89" length="500.00" width="5.00" shape="798.52,-780.95 1168.83,-781.16"/>
    </edge>
    <edge id="gneE11" from="gneJ7" to="3" priority="1" length="500.00">
        <lane id="gneE11_0" index="0" speed="13.89" length="500.00" width="5.00" shape="1168.83,-791.16 798.52,-790.95"/>
        <lane id="gneE11_1" index="1" speed="13.89" length="500.00" width="5.00" shape="1168.83,-786.16 798.52,-785.95"/>
    </edge>
    <edge id="gneE13" from="3" to="gneJ10" priority="1" length="500.00">
        <lane id="gneE13_0" index="0" speed="13.89" length="500.00" width="5.00" shape="792.01,-797.46 791.47,-1166.84"/>
        <lane id="gneE13_1" index="1" speed="13.89" length="500.00" width="5.00" shape="787.01,-797.45 786.47,-1166.83"/>
    </edge>
    <edge id="gneE14" from="gneJ10" to="3" priority="1" length="500.00">
        <lane id="gneE14_0" index="0" speed="13.89" length="500.00" width="5.00" shape="776.47,-1166.82 777.01,-797.44"/>
        <lane id="gneE14_1" index="1" speed="13.89" length="500.00" width="5.00" shape="781.47,-1166.83 782.01,-797.45"/>
    </edge>
    <edge id="gneE15" from="2" to="gneJ12" priority="1" length="500.00">
        <lane id="gneE15_0" index="0" speed="13.89" length="500.00" width="5.00" shape="390.90,-797.23 391.49,-1167.16"/>
        <lane id="gneE15_1" index="1" speed="13.89" length="500.00" width="5.00" shape="385.90,-797.24 386.49,-1167.17"/>
    </edge>
    <edge id="gneE16" from="gneJ12" to="2" priority="1" length="500.00">
        <lane id="gneE16_0" index="0" speed="13.89" length="500.00" width="5.00" shape="376.49,-1167.18 375.90,-797.25"/>
        <lane id="gneE16_1" index="1" speed="13.89" length="500.00" width="5.00" shape="381.49,-1167.17 380.90,-797.25"/>
    </edge>
    <edge id="gneE17" from="2" to="gneJ13" priority="1" length="500.00">
        <lane id="gneE17_0" index="0" speed="13.89" length="500.00" width="5.00" shape="369.39,-790.73 0.01,-791.03"/>
        <lane id="gneE17_1" index="1" speed="13.89" length="500.00" width="5.00" shape="369.39,-785.73 0.00,-786.03"/>
    </edge>
    <edge id="gneE18" from="gneJ13" to="2" priority="1" length="500.00">
        <lane id="gneE18_0" index="0" speed="13.89" length="500.00" width="5.00" shape="-0.01,-776.03 369.38,-775.73"/>
        <lane id="gneE18_1" index="1" speed="13.89" length="500.00" width="5.00" shape="-0.00,-781.03 369.39,-780.73"/>
    </edge>
    <edge id="gneE2" from="gneJ0" to="0" priority="1" length="500.00">
        <lane id="gneE2_0" index="0" speed="13.89" length="500.00" width="5.00" shape="-0.00,-376.27 369.97,-376.25"/>
        <lane id="gneE2_1" index="1" speed="13.89" length="500.00" width="5.00" shape="-0.00,-381.27 369.97,-381.25"/>
    </edge>
    <edge id="gneE3" from="0" to="gneJ2" priority="1" length="500.00">
        <lane id="gneE3_0" index="0" speed="13.89" length="500.00" width="5.00" shape="376.49,-369.74 376.48,-0.50"/>
        <lane id="gneE3_1" index="1" speed="13.89" length="500.00" width="5.00" shape="381.49,-369.74 381.48,-0.50"/>
    </edge>
    <edge id="gneE4" from="gneJ2" to="0" priority="1" length="500.00">
        <lane id="gneE4_0" index="0" speed="13.89" length="500.00" width="5.00" shape="391.48,-0.50 391.49,-369.74"/>
        <lane id="gneE4_1" index="1" speed="13.89" length="500.00" width="5.00" shape="386.48,-0.50 386.49,-369.74"/>
    </edge>
    <edge id="gneE5" from="1" to="gneJ4" priority="1" length="500.00">
        <lane id="gneE5_0" index="0" speed="13.89" length="500.00" width="5.00" shape="797.38,-375.80 1167.30,-375.77"/>
        <lane id="gneE5_1" index="1" speed="13.89" length="500.00" width="5.00" shape="797.38,-380.80 1167.30,-380.77"/>
    </edge>
    <edge id="gneE7" from="1" to="gneJ5" priority="1" length="500.00">
        <lane id="gneE7_0" index="0" speed="13.89" length="500.00" width="5.00" shape="775.85,-369.30 775.91,0.00"/>
        <lane id="gneE7_1" index="1" speed="13.89" length="500.00" width="5.00" shape="780.85,-369.30 780.91,0.00"/>
    </edge>
    <edge id="gneE8" from="gneJ5" to="1" priority="1" length="500.00">
        <lane id="gneE8_0" index="0" speed="13.89" length="500.00" width="5.00" shape="790.91,-0.00 790.85,-369.30"/>
        <lane id="gneE8_1" index="1" speed="13.89" length="500.00" width="5.00" shape="785.91,-0.00 785.85,-369.30"/>
    </edge>
    <edge id="gneE9" from="gneJ4" to="1" priority="1" length="500.00">
        <lane id="gneE9_0" index="0" speed="13.89" length="500.00" width="5.00" shape="1167.30,-390.77 797.38,-390.80"/>
        <lane id="gneE9_1" index="1" speed="13.89" length="500.00" width="5.00" shape="1167.30,-385.77 797.38,-385.80"/>
    </edge>

    <tlLogic id="0" type="static" programID="0" offset="0">
        <phase duration="30" state="GrrrrrGGGGrr"/>
        <phase duration="4"  state="yrrrrryyyyrr"/>
        <phase duration="30" state="GrrGrrrrrGGG"/>
        <phase duration="4"  state="yrryrrrrryyy"/>
        <phase duration="30" state="GGGGrrGrrrrr"/>
        <phase duration="4"  state="yyyyrryrrrrr"/>
        <phase duration="30" state="rrrGGGGrrGrr"/>
        <phase duration="4"  state="rrryyyyrryrr"/>
    </tlLogic>
    <tlLogic id="1" type="static" programID="0" offset="0">
        <phase duration="30" state="GrrrrrGGGGrr"/>
        <phase duration="4"  state="yrrrrryyyyrr"/>
        <phase duration="30" state="GrrGrrrrrGGG"/>
        <phase duration="4"  state="yrryrrrrryyy"/>
        <phase duration="30" state="GGGGrrGrrrrr"/>
        <phase duration="4"  state="yyyyrryrrrrr"/>
        <phase duration="30" state="rrrGGGGrrGrr"/>
        <phase duration="4"  state="rrryyyyrryrr"/>
    </tlLogic>
    <tlLogic id="2" type="static" programID="0" offset="0">
        <phase duration="30" state="GrrrrrGGGGrr"/>
        <phase duration="4"  state="yrrrrryyyyrr"/>
        <phase duration="30" state="GrrGrrrrrGGG"/>
        <phase duration="4"  state="yrryrrrrryyy"/>
        <phase duration="30" state="GGGGrrGrrrrr"/>
        <phase duration="4"  state="yyyyrryrrrrr"/>
        <phase duration="30" state="rrrGGGGrrGrr"/>
        <phase duration="4"  state="rrryyyyrryrr"/>
    </tlLogic>
    <tlLogic id="3" type="static" programID="0" offset="0">
        <phase duration="30" state="GrrrrrGGGGrr"/>
        <phase duration="4"  state="yrrrrryyyyrr"/>
        <phase duration="30" state="GrrGrrrrrGGG"/>
        <phase duration="4"  state="yrryrrrrryyy"/>
        <phase duration="30" state="GGGGrrGrrrrr"/>
        <phase duration="4"  state="yyyyrryrrrrr"/>
        <phase duration="30" state="rrrGGGGrrGrr"/>
        <phase duration="4"  state="rrryyyyrryrr"/>
    </tlLogic>

    <junction id="0" type="traffic_light" x="383.99" y="-383.75" incLanes="2-0_0 2-0_1 1-0_0 1-0_1 gneE4_0 gneE4_1 gneE2_0 gneE2_1" intLanes=":0_0_0 :0_1_0 :0_2_0 :0_3_0 :0_4_0 :0_5_0 :0_6_0 :0_7_0 :0_8_0 :0_9_0 :0_10_0 :0_11_0" shape="373.97,-397.75 394.07,-397.78 394.52,-395.53 395.07,-394.75 395.85,-394.19 396.85,-393.85 398.07,-393.73 398.05,-373.73 395.80,-373.29 395.01,-372.74 394.44,-371.96 394.10,-370.96 393.99,-369.74 373.99,-369.74 373.54,-371.97 372.99,-372.75 372.20,-373.30 371.20,-373.64 369.97,-373.75 369.97,-393.75 372.20,-394.20 372.97,-394.75 373.53,-395.53 373.86,-396.53">
        <request index="0"  response="000000010000" foes="000000010000" cont="0"/>
        <request index="1"  response="111000010000" foes="111100010000" cont="0"/>
        <request index="2"  response="100010110000" foes="100010110000" cont="0"/>
        <request index="3"  response="000000000000" foes="000010000000" cont="0"/>
        <request index="4"  response="000000000000" foes="100010000111" cont="0"/>
        <request index="5"  response="010000000000" foes="010110000100" cont="0"/>
        <request index="6"  response="010000000000" foes="010000000000" cont="0"/>
        <request index="7"  response="010000111000" foes="010000111100" cont="0"/>
        <request index="8"  response="110000100010" foes="110000100010" cont="0"/>
        <request index="9"  response="000000000000" foes="000000000010" cont="0"/>
        <request index="10" response="000000000000" foes="000111100010" cont="0"/>
        <request index="11" response="000000010000" foes="000100010110" cont="0"/>
    </junction>
    <junction id="1" type="traffic_light" x="783.35" y="-383.30" incLanes="3-1_0 3-1_1 gneE9_0 gneE9_1 gneE8_0 gneE8_1 0-1_0 0-1_1" intLanes=":1_0_0 :1_1_0 :1_2_0 :1_3_0 :1_4_0 :1_5_0 :1_6_0 :1_7_0 :1_8_0 :1_9_0 :1_10_0 :1_11_0" shape="773.39,-397.36 793.39,-397.30 793.83,-395.08 794.38,-394.30 795.16,-393.74 796.16,-393.41 797.38,-393.30 797.38,-373.30 795.14,-372.85 794.36,-372.30 793.80,-371.52 793.46,-370.52 793.35,-369.30 773.35,-369.30 772.91,-371.53 772.35,-372.31 771.57,-372.87 770.57,-373.20 769.35,-373.32 769.37,-393.32 771.60,-393.76 772.38,-394.32 772.94,-395.11 773.28,-396.12">
        <request index="0"  response="000000010000" foes="000000010000" cont="0"/>
        <request index="1"  response="111000010000" foes="111100010000" cont="0"/>
        <request index="2"  response="100010110000" foes="100010110000" cont="0"/>
        <request index="3"  response="000000000000" foes="000010000000" cont="0"/>
        <request index="4"  response="000000000000" foes="100010000111" cont="0"/>
        <request index="5"  response="010000000000" foes="010110000100" cont="0"/>
        <request index="6"  response="010000000000" foes="010000000000" cont="0"/>
        <request index="7"  response="010000111000" foes="010000111100" cont="0"/>
        <request index="8"  response="110000100010" foes="110000100010" cont="0"/>
        <request index="9"  response="000000000000" foes="000000000010" cont="0"/>
        <request index="10" response="000000000000" foes="000111100010" cont="0"/>
        <request index="11" response="000000010000" foes="000100010110" cont="0"/>
    </junction>
    <junction id="2" type="traffic_light" x="383.38" y="-783.22" incLanes="gneE16_0 gneE16_1 3-2_0 3-2_1 0-2_0 0-2_1 gneE18_0 gneE18_1" intLanes=":2_0_0 :2_1_0 :2_2_0 :2_3_0 :2_4_0 :2_5_0 :2_6_0 :2_7_0 :2_8_0 :2_9_0 :2_10_0 :2_11_0" shape="373.40,-797.26 393.40,-797.23 393.85,-795.00 394.42,-794.23 395.21,-793.67 396.24,-793.34 397.48,-793.23 397.50,-773.23 395.27,-772.78 394.50,-772.23 393.94,-771.45 393.61,-770.45 393.50,-769.23 373.40,-769.19 372.95,-771.44 372.39,-772.22 371.61,-772.78 370.61,-773.12 369.38,-773.23 369.40,-793.23 371.62,-793.68 372.40,-794.24 372.95,-795.02 373.29,-796.03">
        <request index="0"  response="000000010000" foes="000000010000" cont="0"/>
        <request index="1"  response="111000010000" foes="111100010000" cont="0"/>
        <request index="2"  response="100010110000" foes="100010110000" cont="0"/>
        <request index="3"  response="000000000000" foes="000010000000" cont="0"/>
        <request index="4"  response="000000000000" foes="100010000111" cont="0"/>
        <request index="5"  response="010000000000" foes="010110000100" cont="0"/>
        <request index="6"  response="010000000000" foes="010000000000" cont="0"/>
        <request index="7"  response="010000111000" foes="010000111100" cont="0"/>
        <request index="8"  response="110000100010" foes="110000100010" cont="0"/>
        <request index="9"  response="000000000000" foes="000000000010" cont="0"/>
        <request index="10" response="000000000000" foes="000111100010" cont="0"/>
        <request index="11" response="000000010000" foes="000100010110" cont="0"/>
    </junction>
    <junction id="3" type="traffic_light" x="784.53" y="-783.44" incLanes="gneE14_0 gneE14_1 gneE11_0 gneE11_1 1-3_0 1-3_1 2-3_0 2-3_1" intLanes=":3_0_0 :3_1_0 :3_2_0 :3_3_0 :3_4_0 :3_5_0 :3_6_0 :3_7_0 :3_8_0 :3_9_0 :3_10_0 :3_11_0" shape="774.51,-797.43 794.51,-797.46 794.96,-795.23 795.51,-794.45 796.29,-793.89 797.29,-793.56 798.52,-793.45 798.53,-773.45 796.29,-772.99 795.50,-772.43 794.94,-771.64 794.60,-770.62 794.49,-769.38 774.49,-769.43 774.05,-771.66 773.50,-772.43 772.72,-772.99 771.72,-773.32 770.50,-773.43 770.49,-793.43 772.73,-793.88 773.51,-794.43 774.07,-795.21 774.40,-796.21">
        <request index="0"  response="000000010000" foes="000000010000" cont="0"/>
        <request index="1"  response="111000010000" foes="111100010000" cont="0"/>
        <request index="2"  response="100010110000" foes="100010110000" cont="0"/>
        <request index="3"  response="000000000000" foes="000010000000" cont="0"/>
        <request index="4"  response="000000000000" foes="100010000111" cont="0"/>
        <request index="5"  response="010000000000" foes="010110000100" cont="0"/>
        <request index="6"  response="010000000000" foes="010000000000" cont="0"/>
        <request index="7"  response="010000111000" foes="010000111100" cont="0"/>
        <request index="8"  response="110000100010" foes="110000100010" cont="0"/>
        <request index="9"  response="000000000000" foes="000000000010" cont="0"/>
        <request index="10" response="000000000000" foes="000111100010" cont="0"/>
        <request index="11" response="000000010000" foes="000100010110" cont="0"/>
    </junction>
    <junction id="gneJ0" type="priority" x="0.00" y="-383.77" incLanes="gneE0_0 gneE0_1" intLanes=":gneJ0_0_0" shape="-0.00,-383.77 0.00,-393.77 -0.00,-383.77">
        <request index="0" response="0" foes="0" cont="0"/>
    </junction>
    <junction id="gneJ10" type="priority" x="783.97" y="-1166.83" incLanes="gneE13_0 gneE13_1" intLanes=":gneJ10_0_0" shape="783.97,-1166.83 793.97,-1166.84 783.97,-1166.83">
        <request index="0" response="0" foes="0" cont="0"/>
    </junction>
    <junction id="gneJ12" type="priority" x="383.99" y="-1167.17" incLanes="gneE15_0 gneE15_1" intLanes=":gneJ12_0_0" shape="383.99,-1167.17 393.99,-1167.15 383.99,-1167.17">
        <request index="0" response="0" foes="0" cont="0"/>
    </junction>
    <junction id="gneJ13" type="priority" x="0.00" y="-783.53" incLanes="gneE17_0 gneE17_1" intLanes=":gneJ13_0_0" shape="-0.00,-783.53 0.01,-793.53 -0.00,-783.53">
        <request index="0" response="0" foes="0" cont="0"/>
    </junction>
    <junction id="gneJ2" type="priority" x="383.98" y="-0.50" incLanes="gneE3_0 gneE3_1" intLanes=":gneJ2_0_0" shape="383.98,-0.50 373.98,-0.50 383.98,-0.50">
        <request index="0" response="0" foes="0" cont="0"/>
    </junction>
    <junction id="gneJ4" type="priority" x="1167.30" y="-383.27" incLanes="gneE5_0 gneE5_1" intLanes=":gneJ4_0_0" shape="1167.30,-383.27 1167.30,-373.27 1167.30,-383.27">
        <request index="0" response="0" foes="0" cont="0"/>
    </junction>
    <junction id="gneJ5" type="priority" x="783.41" y="0.00" incLanes="gneE7_0 gneE7_1" intLanes=":gneJ5_0_0" shape="783.41,-0.00 773.41,0.00 783.41,-0.00">
        <request index="0" response="0" foes="0" cont="0"/>
    </junction>
    <junction id="gneJ7" type="priority" x="1168.83" y="-783.66" incLanes="gneE10_0 gneE10_1" intLanes=":gneJ7_0_0" shape="1168.83,-783.66 1168.84,-773.66 1168.83,-783.66">
        <request index="0" response="0" foes="0" cont="0"/>
    </junction>

    <connection from="0-1" to="gneE7" fromLane="0" toLane="0" via=":1_9_0" tl="1" linkIndex="9" dir="l" state="O"/>
    <connection from="0-1" to="gneE5" fromLane="0" toLane="0" via=":1_10_0" tl="1" linkIndex="10" dir="s" state="O"/>
    <connection from="0-1" to="1-3" fromLane="1" toLane="1" via=":1_11_0" tl="1" linkIndex="11" dir="r" state="o"/>
    <connection from="0-2" to="2-3" fromLane="0" toLane="0" via=":2_6_0" tl="2" linkIndex="6" dir="l" state="o"/>
    <connection from="0-2" to="gneE15" fromLane="0" toLane="0" via=":2_7_0" tl="2" linkIndex="7" dir="s" state="o"/>
    <connection from="0-2" to="gneE17" fromLane="1" toLane="1" via=":2_8_0" tl="2" linkIndex="8" dir="r" state="o"/>
    <connection from="1-0" to="0-2" fromLane="0" toLane="0" via=":0_3_0" tl="0" linkIndex="3" dir="l" state="O"/>
    <connection from="1-0" to="gneE0" fromLane="0" toLane="0" via=":0_4_0" tl="0" linkIndex="4" dir="s" state="O"/>
    <connection from="1-0" to="gneE3" fromLane="1" toLane="1" via=":0_5_0" tl="0" linkIndex="5" dir="r" state="o"/>
    <connection from="1-3" to="gneE10" fromLane="0" toLane="0" via=":3_6_0" tl="3" linkIndex="6" dir="l" state="o"/>
    <connection from="1-3" to="gneE13" fromLane="0" toLane="0" via=":3_7_0" tl="3" linkIndex="7" dir="s" state="o"/>
    <connection from="1-3" to="3-2" fromLane="1" toLane="1" via=":3_8_0" tl="3" linkIndex="8" dir="r" state="o"/>
    <connection from="2-0" to="gneE0" fromLane="0" toLane="0" via=":0_0_0" tl="0" linkIndex="0" dir="l" state="o"/>
    <connection from="2-0" to="gneE3" fromLane="0" toLane="0" via=":0_1_0" tl="0" linkIndex="1" dir="s" state="o"/>
    <connection from="2-0" to="0-1" fromLane="1" toLane="1" via=":0_2_0" tl="0" linkIndex="2" dir="r" state="o"/>
    <connection from="2-3" to="3-1" fromLane="0" toLane="0" via=":3_9_0" tl="3" linkIndex="9" dir="l" state="O"/>
    <connection from="2-3" to="gneE10" fromLane="0" toLane="0" via=":3_10_0" tl="3" linkIndex="10" dir="s" state="O"/>
    <connection from="2-3" to="gneE13" fromLane="1" toLane="1" via=":3_11_0" tl="3" linkIndex="11" dir="r" state="o"/>
    <connection from="3-1" to="1-0" fromLane="0" toLane="0" via=":1_0_0" tl="1" linkIndex="0" dir="l" state="o"/>
    <connection from="3-1" to="gneE7" fromLane="0" toLane="0" via=":1_1_0" tl="1" linkIndex="1" dir="s" state="o"/>
    <connection from="3-1" to="gneE5" fromLane="1" toLane="1" via=":1_2_0" tl="1" linkIndex="2" dir="r" state="o"/>
    <connection from="3-2" to="gneE15" fromLane="0" toLane="0" via=":2_3_0" tl="2" linkIndex="3" dir="l" state="O"/>
    <connection from="3-2" to="gneE17" fromLane="0" toLane="0" via=":2_4_0" tl="2" linkIndex="4" dir="s" state="O"/>
    <connection from="3-2" to="2-0" fromLane="1" toLane="1" via=":2_5_0" tl="2" linkIndex="5" dir="r" state="o"/>
    <connection from="gneE0" to="gneE2" fromLane="1" toLane="1" via=":gneJ0_0_0" dir="T" state="M"/>
    <connection from="gneE10" to="gneE11" fromLane="1" toLane="1" via=":gneJ7_0_0" dir="T" state="M"/>
    <connection from="gneE11" to="gneE13" fromLane="0" toLane="0" via=":3_3_0" tl="3" linkIndex="3" dir="l" state="O"/>
    <connection from="gneE11" to="3-2" fromLane="0" toLane="0" via=":3_4_0" tl="3" linkIndex="4" dir="s" state="O"/>
    <connection from="gneE11" to="3-1" fromLane="1" toLane="1" via=":3_5_0" tl="3" linkIndex="5" dir="r" state="o"/>
    <connection from="gneE13" to="gneE14" fromLane="1" toLane="1" via=":gneJ10_0_0" dir="T" state="M"/>
    <connection from="gneE14" to="3-2" fromLane="0" toLane="0" via=":3_0_0" tl="3" linkIndex="0" dir="l" state="o"/>
    <connection from="gneE14" to="3-1" fromLane="0" toLane="0" via=":3_1_0" tl="3" linkIndex="1" dir="s" state="o"/>
    <connection from="gneE14" to="gneE10" fromLane="1" toLane="1" via=":3_2_0" tl="3" linkIndex="2" dir="r" state="o"/>
    <connection from="gneE15" to="gneE16" fromLane="1" toLane="1" via=":gneJ12_0_0" dir="T" state="M"/>
    <connection from="gneE16" to="gneE17" fromLane="0" toLane="0" via=":2_0_0" tl="2" linkIndex="0" dir="l" state="o"/>
    <connection from="gneE16" to="2-0" fromLane="0" toLane="0" via=":2_1_0" tl="2" linkIndex="1" dir="s" state="o"/>
    <connection from="gneE16" to="2-3" fromLane="1" toLane="1" via=":2_2_0" tl="2" linkIndex="2" dir="r" state="o"/>
    <connection from="gneE17" to="gneE18" fromLane="1" toLane="1" via=":gneJ13_0_0" dir="T" state="M"/>
    <connection from="gneE18" to="2-0" fromLane="0" toLane="0" via=":2_9_0" tl="2" linkIndex="9" dir="l" state="O"/>
    <connection from="gneE18" to="2-3" fromLane="0" toLane="0" via=":2_10_0" tl="2" linkIndex="10" dir="s" state="O"/>
    <connection from="gneE18" to="gneE15" fromLane="1" toLane="1" via=":2_11_0" tl="2" linkIndex="11" dir="r" state="o"/>
    <connection from="gneE2" to="gneE3" fromLane="0" toLane="0" via=":0_9_0" tl="0" linkIndex="9" dir="l" state="O"/>
    <connection from="gneE2" to="0-1" fromLane="0" toLane="0" via=":0_10_0" tl="0" linkIndex="10" dir="s" state="O"/>
    <connection from="gneE2" to="0-2" fromLane="1" toLane="1" via=":0_11_0" tl="0" linkIndex="11" dir="r" state="o"/>
    <connection from="gneE3" to="gneE4" fromLane="1" toLane="1" via=":gneJ2_0_0" dir="T" state="M"/>
    <connection from="gneE4" to="0-1" fromLane="0" toLane="0" via=":0_6_0" tl="0" linkIndex="6" dir="l" state="o"/>
    <connection from="gneE4" to="0-2" fromLane="0" toLane="0" via=":0_7_0" tl="0" linkIndex="7" dir="s" state="o"/>
    <connection from="gneE4" to="gneE0" fromLane="1" toLane="1" via=":0_8_0" tl="0" linkIndex="8" dir="r" state="o"/>
    <connection from="gneE5" to="gneE9" fromLane="1" toLane="1" via=":gneJ4_0_0" dir="T" state="M"/>
    <connection from="gneE7" to="gneE8" fromLane="1" toLane="1" via=":gneJ5_0_0" dir="T" state="M"/>
    <connection from="gneE8" to="gneE5" fromLane="0" toLane="0" via=":1_6_0" tl="1" linkIndex="6" dir="l" state="o"/>
    <connection from="gneE8" to="1-3" fromLane="0" toLane="0" via=":1_7_0" tl="1" linkIndex="7" dir="s" state="o"/>
    <connection from="gneE8" to="1-0" fromLane="1" toLane="1" via=":1_8_0" tl="1" linkIndex="8" dir="r" state="o"/>
    <connection from="gneE9" to="1-3" fromLane="0" toLane="0" via=":1_3_0" tl="1" linkIndex="3" dir="l" state="O"/>
    <connection from="gneE9" to="1-0" fromLane="0" toLane="0" via=":1_4_0" tl="1" linkIndex="4" dir="s" state="O"/>
    <connection from="gneE9" to="gneE7" fromLane="1" toLane="1" via=":1_5_0" tl="1" linkIndex="5" dir="r" state="o"/>

    <connection from=":0_0" to="gneE0" fromLane="0" toLane="0" dir="l" state="M"/>
    <connection from=":0_1" to="gneE3" fromLane="0" toLane="0" dir="s" state="M"/>
    <connection from=":0_2" to="0-1" fromLane="0" toLane="1" dir="r" state="M"/>
    <connection from=":0_3" to="0-2" fromLane="0" toLane="0" dir="l" state="M"/>
    <connection from=":0_4" to="gneE0" fromLane="0" toLane="0" dir="s" state="M"/>
    <connection from=":0_5" to="gneE3" fromLane="0" toLane="1" dir="r" state="M"/>
    <connection from=":0_6" to="0-1" fromLane="0" toLane="0" dir="l" state="M"/>
    <connection from=":0_7" to="0-2" fromLane="0" toLane="0" dir="s" state="M"/>
    <connection from=":0_8" to="gneE0" fromLane="0" toLane="1" dir="r" state="M"/>
    <connection from=":0_9" to="gneE3" fromLane="0" toLane="0" dir="l" state="M"/>
    <connection from=":0_10" to="0-1" fromLane="0" toLane="0" dir="s" state="M"/>
    <connection from=":0_11" to="0-2" fromLane="0" toLane="1" dir="r" state="M"/>
    <connection from=":1_0" to="1-0" fromLane="0" toLane="0" dir="l" state="M"/>
    <connection from=":1_1" to="gneE7" fromLane="0" toLane="0" dir="s" state="M"/>
    <connection from=":1_2" to="gneE5" fromLane="0" toLane="1" dir="r" state="M"/>
    <connection from=":1_3" to="1-3" fromLane="0" toLane="0" dir="l" state="M"/>
    <connection from=":1_4" to="1-0" fromLane="0" toLane="0" dir="s" state="M"/>
    <connection from=":1_5" to="gneE7" fromLane="0" toLane="1" dir="r" state="M"/>
    <connection from=":1_6" to="gneE5" fromLane="0" toLane="0" dir="l" state="M"/>
    <connection from=":1_7" to="1-3" fromLane="0" toLane="0" dir="s" state="M"/>
    <connection from=":1_8" to="1-0" fromLane="0" toLane="1" dir="r" state="M"/>
    <connection from=":1_9" to="gneE7" fromLane="0" toLane="0" dir="l" state="M"/>
    <connection from=":1_10" to="gneE5" fromLane="0" toLane="0" dir="s" state="M"/>
    <connection from=":1_11" to="1-3" fromLane="0" toLane="1" dir="r" state="M"/>
    <connection from=":2_0" to="gneE17" fromLane="0" toLane="0" dir="l" state="M"/>
    <connection from=":2_1" to="2-0" fromLane="0" toLane="0" dir="s" state="M"/>
    <connection from=":2_2" to="2-3" fromLane="0" toLane="1" dir="r" state="M"/>
    <connection from=":2_3" to="gneE15" fromLane="0" toLane="0" dir="l" state="M"/>
    <connection from=":2_4" to="gneE17" fromLane="0" toLane="0" dir="s" state="M"/>
    <connection from=":2_5" to="2-0" fromLane="0" toLane="1" dir="r" state="M"/>
    <connection from=":2_6" to="2-3" fromLane="0" toLane="0" dir="l" state="M"/>
    <connection from=":2_7" to="gneE15" fromLane="0" toLane="0" dir="s" state="M"/>
    <connection from=":2_8" to="gneE17" fromLane="0" toLane="1" dir="r" state="M"/>
    <connection from=":2_9" to="2-0" fromLane="0" toLane="0" dir="l" state="M"/>
    <connection from=":2_10" to="2-3" fromLane="0" toLane="0" dir="s" state="M"/>
    <connection from=":2_11" to="gneE15" fromLane="0" toLane="1" dir="r" state="M"/>
    <connection from=":3_0" to="3-2" fromLane="0" toLane="0" dir="l" state="M"/>
    <connection from=":3_1" to="3-1" fromLane="0" toLane="0" dir="s" state="M"/>
    <connection from=":3_2" to="gneE10" fromLane="0" toLane="1" dir="r" state="M"/>
    <connection from=":3_3" to="gneE13" fromLane="0" toLane="0" dir="l" state="M"/>
    <connection from=":3_4" to="3-2" fromLane="0" toLane="0" dir="s" state="M"/>
    <connection from=":3_5" to="3-1" fromLane="0" toLane="1" dir="r" state="M"/>
    <connection from=":3_6" to="gneE10" fromLane="0" toLane="0" dir="l" state="M"/>
    <connection from=":3_7" to="gneE13" fromLane="0" toLane="0" dir="s" state="M"/>
    <connection from=":3_8" to="3-2" fromLane="0" toLane="1" dir="r" state="M"/>
    <connection from=":3_9" to="3-1" fromLane="0" toLane="0" dir="l" state="M"/>
    <connection from=":3_10" to="gneE10" fromLane="0" toLane="0" dir="s" state="M"/>
    <connection from=":3_11" to="gneE13" fromLane="0" toLane="1" dir="r" state="M"/>
    <connection from=":gneJ0_0" to="gneE2" fromLane="0" toLane="1" dir="T" state="M"/>
    <connection from=":gneJ10_0" to="gneE14" fromLane="0" toLane="1" dir="T" state="M"/>
    <connection from=":gneJ12_0" to="gneE16" fromLane="0" toLane="1" dir="T" state="M"/>
    <connection from=":gneJ13_0" to="gneE18" fromLane="0" toLane="1" dir="T" state="M"/>
    <connection from=":gneJ2_0" to="gneE4" fromLane="0" toLane="1" dir="T" state="M"/>
    <connection from=":gneJ4_0" to="gneE9" fromLane="0" toLane="1" dir="T" state="M"/>
    <connection from=":gneJ5_0" to="gneE8" fromLane="0" toLane="1" dir="T" state="M"/>
    <connection from=":gneJ7_0" to="gneE11" fromLane="0" toLane="1" dir="T" state="M"/>

</net>
