<?xml version="1.0" encoding="UTF-8"?>

<!-- generated on 2025-01-09 11:18:09 by Eclipse SUMO GUI Version 1.20.0
This data file and the accompanying materials
are made available under the terms of the Eclipse Public License v2.0
which accompanies this distribution, and is available at
http://www.eclipse.org/legal/epl-v20.html
This file may also be made available under the following Secondary
Licenses when the conditions for such availability set forth in the Eclipse
Public License 2.0 are satisfied: GNU General Public License, version 2
or later which is available at
https://www.gnu.org/licenses/old-licenses/gpl-2.0-standalone.html
SPDX-License-Identifier: EPL-2.0 OR GPL-2.0-or-later
<configuration xmlns:xsi="http://www.w3.org/2001/XMLSchema-instance" xsi:noNamespaceSchemaLocation="http://sumo.dlr.de/xsd/sumoConfiguration.xsd">

    <input>
        <net-file value="data/2cross.net.xml"/>
        <route-files value="data/cross.rou.xml"/>
        <additional-files value="data/2cross.flow.xml,data/cross.det.xml"/>
    </input>

    <output>
        <write-license value="true"/>
        <emission-output value="data/RRD.xml"/>
        <tripinfo-output value="output/tripinfo.xml"/>
    </output>

    <time>
        <begin value="0"/>
    </time>

    <report>
        <verbose value="true"/>
        <log value="data/true"/>
        <duration-log.statistics value="true"/>
    </report>

    <traci_server>
        <remote-port value="63835"/>
    </traci_server>

</configuration>
-->

<instantE1 xmlns:xsi="http://www.w3.org/2001/XMLSchema-instance" xsi:noNamespaceSchemaLocation="http://sumo.dlr.de/xsd/instant_e1_file.xsd">
    <instantOut id="instantInductionLoop_gneE15_1_29" time="309.83" state="enter" vehID="fe2.3" speed="8.33" length="5.00" type="AV"/>
    <instantOut id="instantInductionLoop_gneE15_1_29" time="310.00" state="stay" vehID="fe2.3" speed="8.33" length="5.00" type="AV"/>
    <instantOut id="instantInductionLoop_gneE15_1_29" time="310.43" state="leave" vehID="fe2.3" speed="8.33" length="5.00" type="AV" occupancy="0.60"/>
    <instantOut id="instantInductionLoop_gneE15_1_29" time="312.99" state="enter" vehID="fe2.6" speed="8.33" length="5.00" type="AV" gap="2.56"/>
    <instantOut id="instantInductionLoop_gneE15_1_29" time="313.00" state="stay" vehID="fe2.6" speed="8.33" length="5.00" type="AV"/>
    <instantOut id="instantInductionLoop_gneE15_1_29" time="313.59" state="leave" vehID="fe2.6" speed="8.33" length="5.00" type="AV" occupancy="0.60"/>
    <instantOut id="instantInductionLoop_gneE15_1_29" time="315.75" state="enter" vehID="fs2.1" speed="8.33" length="5.00" type="AV" gap="2.16"/>
    <instantOut id="instantInductionLoop_gneE15_1_29" time="316.00" state="stay" vehID="fs2.1" speed="8.33" length="5.00" type="AV"/>
    <instantOut id="instantInductionLoop_gneE15_1_29" time="316.35" state="leave" vehID="fs2.1" speed="8.33" length="5.00" type="AV" occupancy="0.60"/>
    <instantOut id="instantInductionLoop_gneE15_1_29" time="319.29" state="enter" vehID="fs2.8" speed="7.09" length="5.00" type="HV" gap="2.94"/>
    <instantOut id="instantInductionLoop_gneE15_1_29" time="320.00" state="leave" vehID="fs2.8" speed="7.09" length="5.00" type="HV" occupancy="0.71"/>
    <instantOut id="instantInductionLoop_gneE15_1_29" time="581.83" state="enter" vehID="fe1.8" speed="8.33" length="5.00" type="AV" gap="261.83"/>
    <instantOut id="instantInductionLoop_gneE15_1_29" time="582.00" state="stay" vehID="fe1.8" speed="8.33" length="5.00" type="AV"/>
    <instantOut id="instantInductionLoop_gneE15_1_29" time="582.43" state="leave" vehID="fe1.8" speed="8.33" length="5.00" type="AV" occupancy="0.60"/>
    <instantOut id="instantInductionLoop_gneE15_1_29" time="584.60" state="enter" vehID="fs2.22" speed="7.96" length="5.00" type="HV" gap="2.17"/>
    <instantOut id="instantInductionLoop_gneE15_1_29" time="585.00" state="stay" vehID="fs2.22" speed="7.96" length="5.00" type="HV"/>
    <instantOut id="instantInductionLoop_gneE15_1_29" time="585.22" state="leave" vehID="fs2.22" speed="8.07" length="5.00" type="HV" occupancy="0.63"/>
    <instantOut id="instantInductionLoop_gneE15_1_29" time="590.46" state="enter" vehID="fe1.12" speed="8.33" length="5.00" type="AV" gap="5.24"/>
    <instantOut id="instantInductionLoop_gneE15_1_29" time="591.00" state="stay" vehID="fe1.12" speed="8.33" length="5.00" type="AV"/>
    <instantOut id="instantInductionLoop_gneE15_1_29" time="591.06" state="leave" vehID="fe1.12" speed="8.33" length="5.00" type="AV" occupancy="0.60"/>
    <instantOut id="instantInductionLoop_gneE15_1_29" time="717.83" state="enter" vehID="fe2.31" speed="8.33" length="5.00" type="AV" gap="126.76"/>
    <instantOut id="instantInductionLoop_gneE15_1_29" time="718.00" state="stay" vehID="fe2.31" speed="8.33" length="5.00" type="AV"/>
    <instantOut id="instantInductionLoop_gneE15_1_29" time="718.43" state="leave" vehID="fe2.31" speed="8.33" length="5.00" type="AV" occupancy="0.60"/>
    <instantOut id="instantInductionLoop_gneE15_1_29" time="720.52" state="enter" vehID="fe2.33" speed="8.33" length="5.00" type="AV" gap="2.09"/>
    <instantOut id="instantInductionLoop_gneE15_1_29" time="721.00" state="stay" vehID="fe2.33" speed="8.33" length="5.00" type="AV"/>
    <instantOut id="instantInductionLoop_gneE15_1_29" time="721.12" state="leave" vehID="fe2.33" speed="8.33" length="5.00" type="AV" occupancy="0.60"/>
    <instantOut id="instantInductionLoop_gneE15_1_29" time="723.28" state="enter" vehID="fs2.35" speed="7.85" length="5.00" type="HV" gap="2.16"/>
    <instantOut id="instantInductionLoop_gneE15_1_29" time="723.91" state="leave" vehID="fs2.35" speed="7.85" length="5.00" type="HV" occupancy="0.64"/>
    <instantOut id="instantInductionLoop_gneE15_1_29" time="725.82" state="enter" vehID="fs2.38" speed="6.68" length="5.00" type="HV" gap="1.91"/>
    <instantOut id="instantInductionLoop_gneE15_1_29" time="726.00" state="stay" vehID="fs2.38" speed="6.68" length="5.00" type="HV"/>
    <instantOut id="instantInductionLoop_gneE15_1_29" time="726.53" state="leave" vehID="fs2.38" speed="7.24" length="5.00" type="HV" occupancy="0.70"/>
    <instantOut id="instantInductionLoop_gneE15_1_29" time="854.28" state="enter" vehID="fe1.22" speed="8.28" length="5.00" type="HV" gap="127.76"/>
    <instantOut id="instantInductionLoop_gneE15_1_29" time="854.89" state="leave" vehID="fe1.22" speed="8.28" length="5.00" type="HV" occupancy="0.60"/>
    <instantOut id="instantInductionLoop_gneE15_1_29" time="856.99" state="enter" vehID="fe1.32" speed="7.50" length="5.00" type="AV" gap="2.10"/>
    <instantOut id="instantInductionLoop_gneE15_1_29" time="857.00" state="stay" vehID="fe1.32" speed="7.50" length="5.00" type="AV"/>
    <instantOut id="instantInductionLoop_gneE15_1_29" time="857.63" state="leave" vehID="fe1.32" speed="7.81" length="5.00" type="AV" occupancy="0.64"/>
    <instantOut id="instantInductionLoop_gneE15_1_29" time="859.73" state="enter" vehID="fe2.38" speed="7.59" length="5.00" type="HV" gap="2.10"/>
    <instantOut id="instantInductionLoop_gneE15_1_29" time="860.00" state="stay" vehID="fe2.38" speed="7.59" length="5.00" type="HV"/>
    <instantOut id="instantInductionLoop_gneE15_1_29" time="860.40" state="leave" vehID="fe2.38" speed="7.44" length="5.00" type="HV" occupancy="0.67"/>
    <instantOut id="instantInductionLoop_gneE15_1_29" time="862.36" state="enter" vehID="fs2.47" speed="8.01" length="5.00" type="HV" gap="1.96"/>
    <instantOut id="instantInductionLoop_gneE15_1_29" time="862.98" state="leave" vehID="fs2.47" speed="8.01" length="5.00" type="HV" occupancy="0.62"/>
    <instantOut id="instantInductionLoop_gneE15_1_29" time="990.14" state="enter" vehID="fe1.38" speed="7.04" length="5.00" type="HV" gap="127.16"/>
    <instantOut id="instantInductionLoop_gneE15_1_29" time="990.85" state="leave" vehID="fe1.38" speed="7.04" length="5.00" type="HV" occupancy="0.71"/>
    <instantOut id="instantInductionLoop_gneE15_1_29" time="992.69" state="enter" vehID="fe1.39" speed="7.97" length="5.00" type="HV" gap="1.84"/>
    <instantOut id="instantInductionLoop_gneE15_1_29" time="993.00" state="stay" vehID="fe1.39" speed="7.97" length="5.00" type="HV"/>
    <instantOut id="instantInductionLoop_gneE15_1_29" time="993.30" state="leave" vehID="fe1.39" speed="8.32" length="5.00" type="HV" occupancy="0.61"/>
    <instantOut id="instantInductionLoop_gneE15_1_29" time="995.08" state="enter" vehID="fe2.46" speed="7.86" length="5.00" type="HV" gap="1.78"/>
    <instantOut id="instantInductionLoop_gneE15_1_29" time="995.72" state="leave" vehID="fe2.46" speed="7.86" length="5.00" type="HV" occupancy="0.64"/>
    <instantOut id="instantInductionLoop_gneE15_1_29" time="997.79" state="enter" vehID="fe2.47" speed="7.45" length="5.00" type="AV" gap="2.07"/>
    <instantOut id="instantInductionLoop_gneE15_1_29" time="998.00" state="stay" vehID="fe2.47" speed="7.45" length="5.00" type="AV"/>
    <instantOut id="instantInductionLoop_gneE15_1_29" time="998.43" state="leave" vehID="fe2.47" speed="8.08" length="5.00" type="AV" occupancy="0.63"/>
    <instantOut id="instantInductionLoop_gneE15_1_29" time="1000.79" state="enter" vehID="fs2.49" speed="8.33" length="5.00" type="AV" gap="2.37"/>
    <instantOut id="instantInductionLoop_gneE15_1_29" time="1001.00" state="stay" vehID="fs2.49" speed="8.33" length="5.00" type="AV"/>
    <instantOut id="instantInductionLoop_gneE15_1_29" time="1001.39" state="leave" vehID="fs2.49" speed="8.33" length="5.00" type="AV" occupancy="0.60"/>
    <instantOut id="instantInductionLoop_gneE15_1_29" time="1126.67" state="enter" vehID="fe1.44" speed="7.73" length="5.00" type="HV" gap="125.27"/>
    <instantOut id="instantInductionLoop_gneE15_1_29" time="1127.00" state="stay" vehID="fe1.44" speed="7.73" length="5.00" type="HV"/>
    <instantOut id="instantInductionLoop_gneE15_1_29" time="1127.30" state="leave" vehID="fe1.44" speed="8.11" length="5.00" type="HV" occupancy="0.63"/>
    <instantOut id="instantInductionLoop_gneE15_1_29" time="1129.50" state="enter" vehID="fe1.48" speed="7.32" length="5.00" type="AV" gap="2.20"/>
    <instantOut id="instantInductionLoop_gneE15_1_29" time="1130.00" state="stay" vehID="fe1.48" speed="7.32" length="5.00" type="AV"/>
    <instantOut id="instantInductionLoop_gneE15_1_29" time="1130.16" state="leave" vehID="fe1.48" speed="8.12" length="5.00" type="AV" occupancy="0.67"/>
    <instantOut id="instantInductionLoop_gneE15_1_29" time="1132.27" state="enter" vehID="fe2.59" speed="8.12" length="5.00" type="HV" gap="2.11"/>
    <instantOut id="instantInductionLoop_gneE15_1_29" time="1132.89" state="leave" vehID="fe2.59" speed="8.12" length="5.00" type="HV" occupancy="0.62"/>
    <instantOut id="instantInductionLoop_gneE15_1_29" time="1134.71" state="enter" vehID="fe2.60" speed="7.82" length="5.00" type="HV" gap="1.82"/>
    <instantOut id="instantInductionLoop_gneE15_1_29" time="1135.00" state="stay" vehID="fe2.60" speed="7.82" length="5.00" type="HV"/>
    <instantOut id="instantInductionLoop_gneE15_1_29" time="1135.36" state="leave" vehID="fe2.60" speed="7.55" length="5.00" type="HV" occupancy="0.65"/>
    <instantOut id="instantInductionLoop_gneE15_1_29" time="1137.40" state="enter" vehID="fe2.63" speed="8.12" length="5.00" type="AV" gap="2.04"/>
    <instantOut id="instantInductionLoop_gneE15_1_29" time="1138.00" state="stay" vehID="fe2.63" speed="8.12" length="5.00" type="AV"/>
    <instantOut id="instantInductionLoop_gneE15_1_29" time="1138.02" state="leave" vehID="fe2.63" speed="8.24" length="5.00" type="AV" occupancy="0.62"/>
    <instantOut id="instantInductionLoop_gneE15_1_29" time="1139.94" state="enter" vehID="fs2.56" speed="7.77" length="5.00" type="HV" gap="1.92"/>
    <instantOut id="instantInductionLoop_gneE15_1_29" time="1140.00" state="stay" vehID="fs2.56" speed="7.77" length="5.00" type="HV"/>
    <instantOut id="instantInductionLoop_gneE15_1_29" time="1140.62" state="leave" vehID="fs2.56" speed="7.27" length="5.00" type="HV" occupancy="0.68"/>
    <instantOut id="instantInductionLoop_gneE15_1_29" time="1142.68" state="enter" vehID="fs2.60" speed="7.07" length="5.00" type="HV" gap="2.06"/>
    <instantOut id="instantInductionLoop_gneE15_1_29" time="1143.00" state="stay" vehID="fs2.60" speed="7.07" length="5.00" type="HV"/>
    <instantOut id="instantInductionLoop_gneE15_1_29" time="1143.39" state="leave" vehID="fs2.60" speed="7.07" length="5.00" type="HV" occupancy="0.71"/>
    <instantOut id="instantInductionLoop_gneE15_1_29" time="1262.65" state="enter" vehID="fe1.52" speed="7.35" length="5.00" type="HV" gap="119.26"/>
    <instantOut id="instantInductionLoop_gneE15_1_29" time="1263.00" state="stay" vehID="fe1.52" speed="7.35" length="5.00" type="HV"/>
    <instantOut id="instantInductionLoop_gneE15_1_29" time="1263.33" state="leave" vehID="fe1.52" speed="7.27" length="5.00" type="HV" occupancy="0.68"/>
    <instantOut id="instantInductionLoop_gneE15_1_29" time="1265.23" state="enter" vehID="fe1.55" speed="7.83" length="5.00" type="HV" gap="1.89"/>
    <instantOut id="instantInductionLoop_gneE15_1_29" time="1265.87" state="leave" vehID="fe1.55" speed="7.83" length="5.00" type="HV" occupancy="0.64"/>
    <instantOut id="instantInductionLoop_gneE15_1_29" time="1267.94" state="enter" vehID="fe1.58" speed="7.59" length="5.00" type="AV" gap="2.07"/>
    <instantOut id="instantInductionLoop_gneE15_1_29" time="1268.00" state="stay" vehID="fe1.58" speed="7.59" length="5.00" type="AV"/>
    <instantOut id="instantInductionLoop_gneE15_1_29" time="1268.56" state="leave" vehID="fe1.58" speed="8.16" length="5.00" type="AV" occupancy="0.62"/>
    <instantOut id="instantInductionLoop_gneE15_1_29" time="1270.44" state="enter" vehID="fe2.73" speed="8.28" length="5.00" type="HV" gap="1.89"/>
    <instantOut id="instantInductionLoop_gneE15_1_29" time="1271.00" state="stay" vehID="fe2.73" speed="8.28" length="5.00" type="HV"/>
    <instantOut id="instantInductionLoop_gneE15_1_29" time="1271.05" state="leave" vehID="fe2.73" speed="8.10" length="5.00" type="HV" occupancy="0.60"/>
    <instantOut id="instantInductionLoop_gneE15_1_29" time="1272.87" state="enter" vehID="fe2.74" speed="8.07" length="5.00" type="HV" gap="1.82"/>
    <instantOut id="instantInductionLoop_gneE15_1_29" time="1273.00" state="stay" vehID="fe2.74" speed="8.07" length="5.00" type="HV"/>
    <instantOut id="instantInductionLoop_gneE15_1_29" time="1273.49" state="leave" vehID="fe2.74" speed="8.04" length="5.00" type="HV" occupancy="0.62"/>
    <instantOut id="instantInductionLoop_gneE15_1_29" time="1275.59" state="enter" vehID="fe2.75" speed="7.06" length="5.00" type="HV" gap="2.10"/>
    <instantOut id="instantInductionLoop_gneE15_1_29" time="1276.00" state="stay" vehID="fe2.75" speed="7.06" length="5.00" type="HV"/>
    <instantOut id="instantInductionLoop_gneE15_1_29" time="1276.28" state="leave" vehID="fe2.75" speed="7.41" length="5.00" type="HV" occupancy="0.69"/>
    <instantOut id="instantInductionLoop_gneE15_1_29" time="1278.36" state="enter" vehID="fe2.78" speed="7.35" length="5.00" type="AV" gap="2.08"/>
    <instantOut id="instantInductionLoop_gneE15_1_29" time="1279.00" state="stay" vehID="fe2.78" speed="7.35" length="5.00" type="AV"/>
    <instantOut id="instantInductionLoop_gneE15_1_29" time="1279.04" state="leave" vehID="fe2.78" speed="7.20" length="5.00" type="AV" occupancy="0.68"/>
    <instantOut id="instantInductionLoop_gneE15_1_29" time="1398.84" state="enter" vehID="fe1.68" speed="7.09" length="5.00" type="HV" gap="119.79"/>
    <instantOut id="instantInductionLoop_gneE15_1_29" time="1399.00" state="stay" vehID="fe1.68" speed="7.09" length="5.00" type="HV"/>
    <instantOut id="instantInductionLoop_gneE15_1_29" time="1399.50" state="leave" vehID="fe1.68" speed="7.68" length="5.00" type="HV" occupancy="0.66"/>
    <instantOut id="instantInductionLoop_gneE15_1_29" time="1402.04" state="enter" vehID="fe2.88" speed="8.03" length="5.00" type="AV" gap="2.54"/>
    <instantOut id="instantInductionLoop_gneE15_1_29" time="1402.66" state="leave" vehID="fe2.88" speed="8.03" length="5.00" type="AV" occupancy="0.62"/>
    <instantOut id="instantInductionLoop_gneE15_1_29" time="1404.38" state="enter" vehID="fe2.90" speed="8.26" length="5.00" type="HV" gap="1.72"/>
    <instantOut id="instantInductionLoop_gneE15_1_29" time="1404.99" state="leave" vehID="fe2.90" speed="8.26" length="5.00" type="HV" occupancy="0.61"/>
    <instantOut id="instantInductionLoop_gneE15_1_29" time="1407.18" state="enter" vehID="fe2.91" speed="7.06" length="5.00" type="HV" gap="2.19"/>
    <instantOut id="instantInductionLoop_gneE15_1_29" time="1407.88" state="leave" vehID="fe2.91" speed="7.06" length="5.00" type="HV" occupancy="0.71"/>
    <instantOut id="instantInductionLoop_gneE15_1_29" time="1533.83" state="enter" vehID="fe1.76" speed="8.33" length="5.00" type="AV" gap="125.94"/>
    <instantOut id="instantInductionLoop_gneE15_1_29" time="1534.00" state="stay" vehID="fe1.76" speed="8.33" length="5.00" type="AV"/>
    <instantOut id="instantInductionLoop_gneE15_1_29" time="1534.43" state="leave" vehID="fe1.76" speed="8.33" length="5.00" type="AV" occupancy="0.60"/>
    <instantOut id="instantInductionLoop_gneE15_1_29" time="1536.90" state="enter" vehID="fe2.96" speed="7.72" length="5.00" type="HV" gap="2.48"/>
    <instantOut id="instantInductionLoop_gneE15_1_29" time="1537.00" state="stay" vehID="fe2.96" speed="7.72" length="5.00" type="HV"/>
    <instantOut id="instantInductionLoop_gneE15_1_29" time="1537.52" state="leave" vehID="fe2.96" speed="8.22" length="5.00" type="HV" occupancy="0.61"/>
    <instantOut id="instantInductionLoop_gneE15_1_29" time="1539.59" state="enter" vehID="fs2.84" speed="8.33" length="5.00" type="HV" gap="2.07"/>
    <instantOut id="instantInductionLoop_gneE15_1_29" time="1540.00" state="stay" vehID="fs2.84" speed="8.33" length="5.00" type="HV"/>
    <instantOut id="instantInductionLoop_gneE15_1_29" time="1540.22" state="leave" vehID="fs2.84" speed="7.10" length="5.00" type="HV" occupancy="0.63"/>
    <instantOut id="instantInductionLoop_gneE15_1_29" time="1542.21" state="enter" vehID="fs2.88" speed="7.89" length="5.00" type="HV" gap="1.99"/>
    <instantOut id="instantInductionLoop_gneE15_1_29" time="1542.84" state="leave" vehID="fs2.88" speed="7.89" length="5.00" type="HV" occupancy="0.63"/>
    <instantOut id="instantInductionLoop_gneE15_1_29" time="1670.66" state="enter" vehID="fe1.92" speed="8.27" length="5.00" type="HV" gap="127.81"/>
    <instantOut id="instantInductionLoop_gneE15_1_29" time="1671.00" state="stay" vehID="fe1.92" speed="8.27" length="5.00" type="HV"/>
    <instantOut id="instantInductionLoop_gneE15_1_29" time="1671.30" state="leave" vehID="fe1.92" speed="7.27" length="5.00" type="HV" occupancy="0.64"/>
    <instantOut id="instantInductionLoop_gneE15_1_29" time="1673.57" state="enter" vehID="fe2.105" speed="8.04" length="5.00" type="HV" gap="2.27"/>
    <instantOut id="instantInductionLoop_gneE15_1_29" time="1674.00" state="stay" vehID="fe2.105" speed="8.04" length="5.00" type="HV"/>
    <instantOut id="instantInductionLoop_gneE15_1_29" time="1674.21" state="leave" vehID="fe2.105" speed="7.48" length="5.00" type="HV" occupancy="0.64"/>
    <instantOut id="instantInductionLoop_gneE15_1_29" time="1677.27" state="enter" vehID="fs2.96" speed="8.16" length="5.00" type="AV" gap="3.06"/>
    <instantOut id="instantInductionLoop_gneE15_1_29" time="1677.88" state="leave" vehID="fs2.96" speed="8.16" length="5.00" type="AV" occupancy="0.61"/>
    <instantOut id="instantInductionLoop_gneE15_1_29" time="1806.74" state="enter" vehID="fe2.106" speed="7.71" length="5.00" type="HV" gap="128.86"/>
    <instantOut id="instantInductionLoop_gneE15_1_29" time="1807.00" state="stay" vehID="fe2.106" speed="7.71" length="5.00" type="HV"/>
    <instantOut id="instantInductionLoop_gneE15_1_29" time="1807.39" state="leave" vehID="fe2.106" speed="7.72" length="5.00" type="HV" occupancy="0.65"/>
    <instantOut id="instantInductionLoop_gneE15_1_29" time="1809.75" state="enter" vehID="fe2.112" speed="7.77" length="5.00" type="AV" gap="2.36"/>
    <instantOut id="instantInductionLoop_gneE15_1_29" time="1810.00" state="stay" vehID="fe2.112" speed="7.77" length="5.00" type="AV"/>
    <instantOut id="instantInductionLoop_gneE15_1_29" time="1810.39" state="leave" vehID="fe2.112" speed="7.78" length="5.00" type="AV" occupancy="0.64"/>
    <instantOut id="instantInductionLoop_gneE15_1_29" time="1812.79" state="enter" vehID="fe2.115" speed="7.07" length="5.00" type="HV" gap="2.40"/>
    <instantOut id="instantInductionLoop_gneE15_1_29" time="1813.00" state="stay" vehID="fe2.115" speed="7.07" length="5.00" type="HV"/>
    <instantOut id="instantInductionLoop_gneE15_1_29" time="1813.44" state="leave" vehID="fe2.115" speed="7.97" length="5.00" type="HV" occupancy="0.65"/>
    <instantOut id="instantInductionLoop_gneE15_1_29" time="1815.53" state="enter" vehID="fs2.97" speed="7.30" length="5.00" type="AV" gap="2.09"/>
    <instantOut id="instantInductionLoop_gneE15_1_29" time="1816.00" state="stay" vehID="fs2.97" speed="7.30" length="5.00" type="AV"/>
    <instantOut id="instantInductionLoop_gneE15_1_29" time="1816.20" state="leave" vehID="fs2.97" speed="7.93" length="5.00" type="AV" occupancy="0.67"/>
    <instantOut id="instantInductionLoop_gneE15_1_29" time="1818.32" state="enter" vehID="fs2.98" speed="7.49" length="5.00" type="AV" gap="2.12"/>
    <instantOut id="instantInductionLoop_gneE15_1_29" time="1818.98" state="leave" vehID="fs2.98" speed="7.49" length="5.00" type="AV" occupancy="0.67"/>
    <instantOut id="instantInductionLoop_gneE15_1_29" time="1820.97" state="enter" vehID="fs2.99" speed="8.20" length="5.00" type="AV" gap="1.99"/>
    <instantOut id="instantInductionLoop_gneE15_1_29" time="1821.00" state="stay" vehID="fs2.99" speed="8.20" length="5.00" type="AV"/>
    <instantOut id="instantInductionLoop_gneE15_1_29" time="1821.57" state="leave" vehID="fs2.99" speed="8.33" length="5.00" type="AV" occupancy="0.60"/>
    <instantOut id="instantInductionLoop_gneE15_1_29" time="1941.83" state="enter" vehID="fe1.105" speed="8.33" length="5.00" type="AV" gap="120.26"/>
    <instantOut id="instantInductionLoop_gneE15_1_29" time="1942.00" state="stay" vehID="fe1.105" speed="8.33" length="5.00" type="AV"/>
    <instantOut id="instantInductionLoop_gneE15_1_29" time="1942.43" state="leave" vehID="fe1.105" speed="8.33" length="5.00" type="AV" occupancy="0.60"/>
    <instantOut id="instantInductionLoop_gneE15_1_29" time="2213.83" state="enter" vehID="fe2.132" speed="8.33" length="5.00" type="AV" gap="271.40"/>
    <instantOut id="instantInductionLoop_gneE15_1_29" time="2214.00" state="stay" vehID="fe2.132" speed="8.33" length="5.00" type="AV"/>
    <instantOut id="instantInductionLoop_gneE15_1_29" time="2214.43" state="leave" vehID="fe2.132" speed="8.33" length="5.00" type="AV" occupancy="0.60"/>
    <instantOut id="instantInductionLoop_gneE15_1_29" time="2216.38" state="enter" vehID="fe2.135" speed="7.32" length="5.00" type="HV" gap="1.96"/>
    <instantOut id="instantInductionLoop_gneE15_1_29" time="2217.00" state="stay" vehID="fe2.135" speed="7.32" length="5.00" type="HV"/>
    <instantOut id="instantInductionLoop_gneE15_1_29" time="2217.07" state="leave" vehID="fe2.135" speed="7.07" length="5.00" type="HV" occupancy="0.69"/>
    <instantOut id="instantInductionLoop_gneE15_1_29" time="2349.83" state="enter" vehID="fe1.129" speed="8.33" length="5.00" type="AV" gap="132.76"/>
    <instantOut id="instantInductionLoop_gneE15_1_29" time="2350.00" state="stay" vehID="fe1.129" speed="8.33" length="5.00" type="AV"/>
    <instantOut id="instantInductionLoop_gneE15_1_29" time="2350.43" state="leave" vehID="fe1.129" speed="8.33" length="5.00" type="AV" occupancy="0.60"/>
    <instantOut id="instantInductionLoop_gneE15_1_29" time="2352.44" state="enter" vehID="fe1.130" speed="8.33" length="5.00" type="AV" gap="2.01"/>
    <instantOut id="instantInductionLoop_gneE15_1_29" time="2353.00" state="stay" vehID="fe1.130" speed="8.33" length="5.00" type="AV"/>
    <instantOut id="instantInductionLoop_gneE15_1_29" time="2353.04" state="leave" vehID="fe1.130" speed="8.33" length="5.00" type="AV" occupancy="0.60"/>
    <instantOut id="instantInductionLoop_gneE15_1_29" time="2355.05" state="enter" vehID="fe1.131" speed="8.33" length="5.00" type="AV" gap="2.01"/>
    <instantOut id="instantInductionLoop_gneE15_1_29" time="2355.65" state="leave" vehID="fe1.131" speed="8.33" length="5.00" type="AV" occupancy="0.60"/>
    <instantOut id="instantInductionLoop_gneE15_1_29" time="2357.66" state="enter" vehID="fe1.135" speed="8.33" length="5.00" type="AV" gap="2.01"/>
    <instantOut id="instantInductionLoop_gneE15_1_29" time="2358.00" state="stay" vehID="fe1.135" speed="8.33" length="5.00" type="AV"/>
    <instantOut id="instantInductionLoop_gneE15_1_29" time="2358.26" state="leave" vehID="fe1.135" speed="8.33" length="5.00" type="AV" occupancy="0.60"/>
    <instantOut id="instantInductionLoop_gneE15_1_29" time="2360.90" state="enter" vehID="fs2.130" speed="8.33" length="5.00" type="AV" gap="2.64"/>
    <instantOut id="instantInductionLoop_gneE15_1_29" time="2361.00" state="stay" vehID="fs2.130" speed="8.33" length="5.00" type="AV"/>
    <instantOut id="instantInductionLoop_gneE15_1_29" time="2361.50" state="leave" vehID="fs2.130" speed="8.33" length="5.00" type="AV" occupancy="0.60"/>
    <instantOut id="instantInductionLoop_gneE15_1_29" time="2364.00" state="enter" vehID="fs2.132" speed="8.21" length="5.00" type="HV" gap="2.50"/>
    <instantOut id="instantInductionLoop_gneE15_1_29" time="2364.00" state="stay" vehID="fs2.132" speed="8.21" length="5.00" type="HV"/>
    <instantOut id="instantInductionLoop_gneE15_1_29" time="2364.70" state="leave" vehID="fs2.132" speed="7.16" length="5.00" type="HV" occupancy="0.70"/>
    <instantOut id="instantInductionLoop_gneE15_1_29" time="2486.60" state="enter" vehID="fe1.140" speed="8.05" length="5.00" type="HV" gap="121.90"/>
    <instantOut id="instantInductionLoop_gneE15_1_29" time="2487.00" state="stay" vehID="fe1.140" speed="8.05" length="5.00" type="HV"/>
    <instantOut id="instantInductionLoop_gneE15_1_29" time="2487.24" state="leave" vehID="fe1.140" speed="7.53" length="5.00" type="HV" occupancy="0.64"/>
    <instantOut id="instantInductionLoop_gneE15_1_29" time="2490.09" state="enter" vehID="fs2.137" speed="8.14" length="5.00" type="AV" gap="2.86"/>
    <instantOut id="instantInductionLoop_gneE15_1_29" time="2490.71" state="leave" vehID="fs2.137" speed="8.14" length="5.00" type="AV" occupancy="0.61"/>
    <instantOut id="instantInductionLoop_gneE15_1_29" time="2492.63" state="enter" vehID="fs2.135" speed="7.42" length="5.00" type="HV" gap="1.93"/>
    <instantOut id="instantInductionLoop_gneE15_1_29" time="2493.00" state="stay" vehID="fs2.135" speed="7.42" length="5.00" type="HV"/>
    <instantOut id="instantInductionLoop_gneE15_1_29" time="2493.28" state="leave" vehID="fs2.135" speed="8.18" length="5.00" type="HV" occupancy="0.65"/>
    <instantOut id="instantInductionLoop_gneE15_1_29" time="2495.34" state="enter" vehID="fs2.138" speed="8.18" length="5.00" type="HV" gap="2.06"/>
    <instantOut id="instantInductionLoop_gneE15_1_29" time="2495.95" state="leave" vehID="fs2.138" speed="8.18" length="5.00" type="HV" occupancy="0.61"/>
    <instantOut id="instantInductionLoop_gneE15_1_29" time="2497.99" state="enter" vehID="fs2.142" speed="7.41" length="5.00" type="HV" gap="2.04"/>
    <instantOut id="instantInductionLoop_gneE15_1_29" time="2498.00" state="stay" vehID="fs2.142" speed="7.41" length="5.00" type="HV"/>
    <instantOut id="instantInductionLoop_gneE15_1_29" time="2498.62" state="leave" vehID="fs2.142" speed="7.94" length="5.00" type="HV" occupancy="0.63"/>
    <instantOut id="instantInductionLoop_gneE15_1_29" time="2622.71" state="enter" vehID="fe2.162" speed="7.14" length="5.00" type="HV" gap="124.08"/>
    <instantOut id="instantInductionLoop_gneE15_1_29" time="2623.00" state="stay" vehID="fe2.162" speed="7.14" length="5.00" type="HV"/>
    <instantOut id="instantInductionLoop_gneE15_1_29" time="2623.41" state="leave" vehID="fe2.162" speed="7.04" length="5.00" type="HV" occupancy="0.71"/>
    <instantOut id="instantInductionLoop_gneE15_1_29" time="2626.30" state="enter" vehID="fs2.148" speed="7.78" length="5.00" type="AV" gap="2.89"/>
    <instantOut id="instantInductionLoop_gneE15_1_29" time="2626.94" state="leave" vehID="fs2.148" speed="7.78" length="5.00" type="AV" occupancy="0.64"/>
    <instantOut id="instantInductionLoop_gneE15_1_29" time="2628.94" state="enter" vehID="fs2.151" speed="7.13" length="5.00" type="HV" gap="2.00"/>
    <instantOut id="instantInductionLoop_gneE15_1_29" time="2629.00" state="stay" vehID="fs2.151" speed="7.13" length="5.00" type="HV"/>
    <instantOut id="instantInductionLoop_gneE15_1_29" time="2629.57" state="leave" vehID="fs2.151" speed="8.03" length="5.00" type="HV" occupancy="0.63"/>
    <instantOut id="instantInductionLoop_gneE15_1_29" time="2757.83" state="enter" vehID="fe1.157" speed="8.33" length="5.00" type="AV" gap="128.25"/>
    <instantOut id="instantInductionLoop_gneE15_1_29" time="2758.00" state="stay" vehID="fe1.157" speed="8.33" length="5.00" type="AV"/>
    <instantOut id="instantInductionLoop_gneE15_1_29" time="2758.43" state="leave" vehID="fe1.157" speed="8.33" length="5.00" type="AV" occupancy="0.60"/>
    <instantOut id="instantInductionLoop_gneE15_1_29" time="2760.61" state="enter" vehID="fs2.165" speed="8.05" length="5.00" type="HV" gap="2.18"/>
    <instantOut id="instantInductionLoop_gneE15_1_29" time="2761.00" state="stay" vehID="fs2.165" speed="8.05" length="5.00" type="HV"/>
    <instantOut id="instantInductionLoop_gneE15_1_29" time="2761.23" state="leave" vehID="fs2.165" speed="7.90" length="5.00" type="HV" occupancy="0.63"/>
    <instantOut id="instantInductionLoop_gneE15_1_29" time="2763.29" state="enter" vehID="fs2.166" speed="7.43" length="5.00" type="AV" gap="2.05"/>
    <instantOut id="instantInductionLoop_gneE15_1_29" time="2763.96" state="leave" vehID="fs2.166" speed="7.43" length="5.00" type="AV" occupancy="0.67"/>
    <instantOut id="instantInductionLoop_gneE15_1_29" time="2894.39" state="enter" vehID="fe2.174" speed="8.01" length="5.00" type="HV" gap="130.43"/>
    <instantOut id="instantInductionLoop_gneE15_1_29" time="2895.00" state="stay" vehID="fe2.174" speed="8.01" length="5.00" type="HV"/>
    <instantOut id="instantInductionLoop_gneE15_1_29" time="2895.01" state="leave" vehID="fe2.174" speed="8.15" length="5.00" type="HV" occupancy="0.62"/>
    <instantOut id="instantInductionLoop_gneE15_1_29" time="2897.48" state="enter" vehID="fe2.183" speed="7.98" length="5.00" type="AV" gap="2.46"/>
    <instantOut id="instantInductionLoop_gneE15_1_29" time="2898.00" state="stay" vehID="fe2.183" speed="7.98" length="5.00" type="AV"/>
    <instantOut id="instantInductionLoop_gneE15_1_29" time="2898.11" state="leave" vehID="fe2.183" speed="7.43" length="5.00" type="AV" occupancy="0.63"/>
    <instantOut id="instantInductionLoop_gneE15_1_29" time="2900.47" state="enter" vehID="fs2.169" speed="7.30" length="5.00" type="HV" gap="2.35"/>
    <instantOut id="instantInductionLoop_gneE15_1_29" time="2901.00" state="stay" vehID="fs2.169" speed="7.30" length="5.00" type="HV"/>
    <instantOut id="instantInductionLoop_gneE15_1_29" time="2901.14" state="leave" vehID="fs2.169" speed="8.12" length="5.00" type="HV" occupancy="0.67"/>
    <instantOut id="instantInductionLoop_gneE15_1_29" time="2903.25" state="enter" vehID="fs2.170" speed="8.27" length="5.00" type="HV" gap="2.12"/>
    <instantOut id="instantInductionLoop_gneE15_1_29" time="2903.86" state="leave" vehID="fs2.170" speed="8.27" length="5.00" type="HV" occupancy="0.60"/>
    <instantOut id="instantInductionLoop_gneE15_1_29" time="2905.96" state="enter" vehID="fs2.173" speed="7.92" length="5.00" type="AV" gap="2.10"/>
    <instantOut id="instantInductionLoop_gneE15_1_29" time="2906.00" state="stay" vehID="fs2.173" speed="7.92" length="5.00" type="AV"/>
    <instantOut id="instantInductionLoop_gneE15_1_29" time="2906.58" state="leave" vehID="fs2.173" speed="8.10" length="5.00" type="AV" occupancy="0.62"/>
    <instantOut id="instantInductionLoop_gneE15_1_29" time="2908.64" state="enter" vehID="fs2.176" speed="7.84" length="5.00" type="HV" gap="2.07"/>
    <instantOut id="instantInductionLoop_gneE15_1_29" time="2909.00" state="stay" vehID="fs2.176" speed="7.84" length="5.00" type="HV"/>
    <instantOut id="instantInductionLoop_gneE15_1_29" time="2909.31" state="leave" vehID="fs2.176" speed="7.12" length="5.00" type="HV" occupancy="0.67"/>
    <instantOut id="instantInductionLoop_gneE15_1_29" time="2911.17" state="enter" vehID="fs2.177" speed="7.13" length="5.00" type="HV" gap="1.86"/>
    <instantOut id="instantInductionLoop_gneE15_1_29" time="2911.87" state="leave" vehID="fs2.177" speed="7.13" length="5.00" type="HV" occupancy="0.70"/>
    <instantOut id="instantInductionLoop_gneE15_1_29" time="3165.83" state="enter" vehID="fe1.181" speed="8.33" length="5.00" type="AV" gap="253.95"/>
    <instantOut id="instantInductionLoop_gneE15_1_29" time="3166.00" state="stay" vehID="fe1.181" speed="8.33" length="5.00" type="AV"/>
    <instantOut id="instantInductionLoop_gneE15_1_29" time="3166.43" state="leave" vehID="fe1.181" speed="8.33" length="5.00" type="AV" occupancy="0.60"/>
    <instantOut id="instantInductionLoop_gneE15_1_29" time="3168.44" state="enter" vehID="fe1.182" speed="8.33" length="5.00" type="AV" gap="2.01"/>
    <instantOut id="instantInductionLoop_gneE15_1_29" time="3169.00" state="stay" vehID="fe1.182" speed="8.33" length="5.00" type="AV"/>
    <instantOut id="instantInductionLoop_gneE15_1_29" time="3169.04" state="leave" vehID="fe1.182" speed="8.33" length="5.00" type="AV" occupancy="0.60"/>
    <instantOut id="instantInductionLoop_gneE15_1_29" time="3171.18" state="enter" vehID="fe2.192" speed="8.33" length="5.00" type="AV" gap="2.14"/>
    <instantOut id="instantInductionLoop_gneE15_1_29" time="3171.78" state="leave" vehID="fe2.192" speed="8.33" length="5.00" type="AV" occupancy="0.60"/>
    <instantOut id="instantInductionLoop_gneE15_1_29" time="3174.16" state="enter" vehID="fe2.196" speed="7.15" length="5.00" type="HV" gap="2.38"/>
    <instantOut id="instantInductionLoop_gneE15_1_29" time="3174.86" state="leave" vehID="fe2.196" speed="7.15" length="5.00" type="HV" occupancy="0.70"/>
    <instantOut id="instantInductionLoop_gneE15_1_29" time="3177.18" state="enter" vehID="fs2.185" speed="7.58" length="5.00" type="AV" gap="2.33"/>
    <instantOut id="instantInductionLoop_gneE15_1_29" time="3177.84" state="leave" vehID="fs2.185" speed="7.58" length="5.00" type="AV" occupancy="0.66"/>
    <instantOut id="instantInductionLoop_gneE15_1_29" time="3179.91" state="enter" vehID="fs2.187" speed="8.11" length="5.00" type="HV" gap="2.07"/>
    <instantOut id="instantInductionLoop_gneE15_1_29" time="3180.00" state="stay" vehID="fs2.187" speed="8.11" length="5.00" type="HV"/>
    <instantOut id="instantInductionLoop_gneE15_1_29" time="3180.58" state="leave" vehID="fs2.187" speed="7.44" length="5.00" type="HV" occupancy="0.66"/>
    <instantOut id="instantInductionLoop_gneE15_1_29" time="3182.61" state="enter" vehID="fs2.189" speed="7.86" length="5.00" type="AV" gap="2.03"/>
    <instantOut id="instantInductionLoop_gneE15_1_29" time="3183.00" state="stay" vehID="fs2.189" speed="7.86" length="5.00" type="AV"/>
    <instantOut id="instantInductionLoop_gneE15_1_29" time="3183.25" state="leave" vehID="fs2.189" speed="7.69" length="5.00" type="AV" occupancy="0.64"/>
    <instantOut id="instantInductionLoop_gneE15_1_29" time="3302.79" state="enter" vehID="fe1.189" speed="7.89" length="5.00" type="HV" gap="119.54"/>
    <instantOut id="instantInductionLoop_gneE15_1_29" time="3303.00" state="stay" vehID="fe1.189" speed="7.89" length="5.00" type="HV"/>
    <instantOut id="instantInductionLoop_gneE15_1_29" time="3303.44" state="leave" vehID="fe1.189" speed="7.57" length="5.00" type="HV" occupancy="0.65"/>
    <instantOut id="instantInductionLoop_gneE15_1_29" time="3305.49" state="enter" vehID="fe1.191" speed="7.48" length="5.00" type="HV" gap="2.05"/>
    <instantOut id="instantInductionLoop_gneE15_1_29" time="3306.00" state="stay" vehID="fe1.191" speed="7.48" length="5.00" type="HV"/>
    <instantOut id="instantInductionLoop_gneE15_1_29" time="3306.15" state="leave" vehID="fe1.191" speed="8.05" length="5.00" type="HV" occupancy="0.66"/>
    <instantOut id="instantInductionLoop_gneE15_1_29" time="3308.03" state="enter" vehID="fs2.194" speed="7.79" length="5.00" type="HV" gap="1.88"/>
    <instantOut id="instantInductionLoop_gneE15_1_29" time="3308.67" state="leave" vehID="fs2.194" speed="7.79" length="5.00" type="HV" occupancy="0.64"/>
    <instantOut id="instantInductionLoop_gneE15_1_29" time="3310.71" state="enter" vehID="fs2.195" speed="7.73" length="5.00" type="AV" gap="2.04"/>
    <instantOut id="instantInductionLoop_gneE15_1_29" time="3311.00" state="stay" vehID="fs2.195" speed="7.73" length="5.00" type="AV"/>
    <instantOut id="instantInductionLoop_gneE15_1_29" time="3311.35" state="leave" vehID="fs2.195" speed="7.83" length="5.00" type="AV" occupancy="0.64"/>
    <instantOut id="instantInductionLoop_gneE15_1_29" time="3316.85" state="enter" vehID="fe1.198" speed="8.33" length="5.00" type="AV" gap="5.49"/>
    <instantOut id="instantInductionLoop_gneE15_1_29" time="3317.00" state="stay" vehID="fe1.198" speed="8.33" length="5.00" type="AV"/>
    <instantOut id="instantInductionLoop_gneE15_1_29" time="3317.45" state="leave" vehID="fe1.198" speed="8.33" length="5.00" type="AV" occupancy="0.60"/>
    <instantOut id="instantInductionLoop_gneE15_1_29" time="3438.39" state="enter" vehID="fe2.218" speed="7.24" length="5.00" type="HV" gap="120.94"/>
    <instantOut id="instantInductionLoop_gneE15_1_29" time="3439.00" state="stay" vehID="fe2.218" speed="7.24" length="5.00" type="HV"/>
    <instantOut id="instantInductionLoop_gneE15_1_29" time="3439.07" state="leave" vehID="fe2.218" speed="8.02" length="5.00" type="HV" occupancy="0.68"/>
    <instantOut id="instantInductionLoop_gneE15_1_29" time="3440.89" state="enter" vehID="fs2.204" speed="8.14" length="5.00" type="HV" gap="1.82"/>
    <instantOut id="instantInductionLoop_gneE15_1_29" time="3441.00" state="stay" vehID="fs2.204" speed="8.14" length="5.00" type="HV"/>
    <instantOut id="instantInductionLoop_gneE15_1_29" time="3441.56" state="leave" vehID="fs2.204" speed="7.37" length="5.00" type="HV" occupancy="0.67"/>
    <instantOut id="instantInductionLoop_gneE15_1_29" time="3573.83" state="enter" vehID="fe2.223" speed="8.33" length="5.00" type="AV" gap="132.27"/>
    <instantOut id="instantInductionLoop_gneE15_1_29" time="3574.00" state="stay" vehID="fe2.223" speed="8.33" length="5.00" type="AV"/>
    <instantOut id="instantInductionLoop_gneE15_1_29" time="3574.43" state="leave" vehID="fe2.223" speed="8.33" length="5.00" type="AV" occupancy="0.60"/>
    <instantOut id="instantInductionLoop_gneE15_1_29" time="3577.37" state="enter" vehID="fs2.209" speed="8.33" length="5.00" type="AV" gap="2.94"/>
    <instantOut id="instantInductionLoop_gneE15_1_29" time="3577.97" state="leave" vehID="fs2.209" speed="8.33" length="5.00" type="AV" occupancy="0.60"/>
    <instantOut id="instantInductionLoop_gneE15_1_29" time="3710.12" state="enter" vehID="fe1.208" speed="8.08" length="5.00" type="HV" gap="132.15"/>
    <instantOut id="instantInductionLoop_gneE15_1_29" time="3710.74" state="leave" vehID="fe1.208" speed="8.08" length="5.00" type="HV" occupancy="0.62"/>
    <instantOut id="instantInductionLoop_gneE15_1_29" time="3712.77" state="enter" vehID="fe1.214" speed="7.30" length="5.00" type="HV" gap="2.03"/>
    <instantOut id="instantInductionLoop_gneE15_1_29" time="3713.00" state="stay" vehID="fe1.214" speed="7.30" length="5.00" type="HV"/>
    <instantOut id="instantInductionLoop_gneE15_1_29" time="3713.45" state="leave" vehID="fe1.214" speed="7.37" length="5.00" type="HV" occupancy="0.68"/>
    <instantOut id="instantInductionLoop_gneE15_1_29" time="3715.65" state="enter" vehID="fe2.235" speed="7.50" length="5.00" type="AV" gap="2.20"/>
    <instantOut id="instantInductionLoop_gneE15_1_29" time="3716.00" state="stay" vehID="fe2.235" speed="7.50" length="5.00" type="AV"/>
    <instantOut id="instantInductionLoop_gneE15_1_29" time="3716.31" state="leave" vehID="fe2.235" speed="7.69" length="5.00" type="AV" occupancy="0.66"/>
    <instantOut id="instantInductionLoop_gneE15_1_29" time="3718.28" state="enter" vehID="fe2.237" speed="8.31" length="5.00" type="HV" gap="1.97"/>
    <instantOut id="instantInductionLoop_gneE15_1_29" time="3718.88" state="leave" vehID="fe2.237" speed="8.31" length="5.00" type="HV" occupancy="0.60"/>
    <instantOut id="instantInductionLoop_gneE15_1_29" time="3721.23" state="enter" vehID="fs2.211" speed="7.48" length="5.00" type="AV" gap="2.35"/>
    <instantOut id="instantInductionLoop_gneE15_1_29" time="3721.90" state="leave" vehID="fs2.211" speed="7.48" length="5.00" type="AV" occupancy="0.67"/>
    <instantOut id="instantInductionLoop_gneE15_1_29" time="3846.87" state="enter" vehID="fe1.218" speed="7.80" length="5.00" type="HV" gap="124.96"/>
    <instantOut id="instantInductionLoop_gneE15_1_29" time="3847.00" state="stay" vehID="fe1.218" speed="7.80" length="5.00" type="HV"/>
    <instantOut id="instantInductionLoop_gneE15_1_29" time="3847.55" state="leave" vehID="fe1.218" speed="7.19" length="5.00" type="HV" occupancy="0.68"/>
    <instantOut id="instantInductionLoop_gneE15_1_29" time="3849.43" state="enter" vehID="fe2.245" speed="7.04" length="5.00" type="HV" gap="1.88"/>
    <instantOut id="instantInductionLoop_gneE15_1_29" time="3850.00" state="stay" vehID="fe2.245" speed="7.04" length="5.00" type="HV"/>
    <instantOut id="instantInductionLoop_gneE15_1_29" time="3850.12" state="leave" vehID="fe2.245" speed="7.98" length="5.00" type="HV" occupancy="0.69"/>
</instantE1>
