<?xml version="1.0" encoding="UTF-8"?>

<!-- generated on 2025-01-18 14:45:18 by Eclipse SUMO GUI Version 1.20.0
This data file and the accompanying materials
are made available under the terms of the Eclipse Public License v2.0
which accompanies this distribution, and is available at
http://www.eclipse.org/legal/epl-v20.html
This file may also be made available under the following Secondary
Licenses when the conditions for such availability set forth in the Eclipse
Public License 2.0 are satisfied: GNU General Public License, version 2
or later which is available at
https://www.gnu.org/licenses/old-licenses/gpl-2.0-standalone.html
SPDX-License-Identifier: EPL-2.0 OR GPL-2.0-or-later
<configuration xmlns:xsi="http://www.w3.org/2001/XMLSchema-instance" xsi:noNamespaceSchemaLocation="http://sumo.dlr.de/xsd/sumoConfiguration.xsd">

    <input>
        <net-file value="data/cross.net.xml"/>
        <route-files value="data/cross.rou.xml"/>
        <additional-files value="data/cross.flow.xml,data/cross.det.xml"/>
    </input>

    <output>
        <write-license value="true"/>
        <emission-output value="data/AIMP.xml"/>
        <tripinfo-output value="output/tripinfo.xml"/>
    </output>

    <time>
        <begin value="0"/>
    </time>

    <report>
        <verbose value="true"/>
        <log value="data/true"/>
        <duration-log.statistics value="true"/>
    </report>

    <traci_server>
        <remote-port value="64298"/>
    </traci_server>

</configuration>
-->

<tripinfos xmlns:xsi="http://www.w3.org/2001/XMLSchema-instance" xsi:noNamespaceSchemaLocation="http://sumo.dlr.de/xsd/tripinfo_file.xsd">
    <tripinfo id="fe.0" depart="3.00" departLane="gneE3_0" departPos="5.10" departSpeed="0.00" departDelay="0.45" arrival="127.00" arrivalLane="gneE6_0" arrivalPos="500.00" arrivalSpeed="8.33" duration="124.00" routeLength="1021.55" waitingTime="0.00" waitingCount="0" stopTime="0.00" timeLoss="1.13" rerouteNo="0" devices="tripinfo_fe.0 emissions_fe.0" vType="AV" speedFactor="1.05" vaporized="">
        <emissions CO_abs="342.624025" CO2_abs="182386.917790" HC_abs="62.390359" PMx_abs="29.146016" NOx_abs="14.044272" fuel_abs="58706.299777" electricity_abs="0"/>
    </tripinfo>
    <tripinfo id="fn.1" depart="5.00" departLane="gneE1_0" departPos="5.10" departSpeed="0.00" departDelay="0.16" arrival="130.00" arrivalLane="gneE8_0" arrivalPos="500.00" arrivalSpeed="8.33" duration="125.00" routeLength="1005.39" waitingTime="0.00" waitingCount="0" stopTime="0.00" timeLoss="3.71" rerouteNo="0" devices="tripinfo_fn.1 emissions_fn.1" vType="AV" speedFactor="1.08" vaporized="">
        <emissions CO_abs="334.262497" CO2_abs="175475.392613" HC_abs="59.309176" PMx_abs="26.598223" NOx_abs="15.819848" fuel_abs="56480.763757" electricity_abs="0"/>
    </tripinfo>
    <tripinfo id="fn.2" depart="8.00" departLane="gneE1_0" departPos="5.10" departSpeed="0.00" departDelay="0.93" arrival="135.00" arrivalLane="gneE6_0" arrivalPos="500.00" arrivalSpeed="8.33" duration="127.00" routeLength="1022.95" waitingTime="0.00" waitingCount="0" stopTime="0.00" timeLoss="3.94" rerouteNo="0" devices="tripinfo_fn.2 emissions_fn.2" vType="AV" speedFactor="1.02" vaporized="">
        <emissions CO_abs="354.287885" CO2_abs="183083.699219" HC_abs="61.613528" PMx_abs="27.269783" NOx_abs="17.766661" fuel_abs="58929.195710" electricity_abs="0"/>
    </tripinfo>
    <tripinfo id="fs.1" depart="16.00" departLane="gneE5_0" departPos="5.10" departSpeed="0.00" departDelay="0.16" arrival="140.00" arrivalLane="gneE8_0" arrivalPos="500.00" arrivalSpeed="8.33" duration="124.00" routeLength="1021.53" waitingTime="0.00" waitingCount="0" stopTime="0.00" timeLoss="1.13" rerouteNo="0" devices="tripinfo_fs.1 emissions_fs.1" vType="AV" speedFactor="1.12" vaporized="">
        <emissions CO_abs="342.624025" CO2_abs="182386.917790" HC_abs="62.390359" PMx_abs="29.146016" NOx_abs="14.044272" fuel_abs="58706.299777" electricity_abs="0"/>
    </tripinfo>
    <tripinfo id="fs.0" depart="6.00" departLane="gneE5_0" departPos="5.10" departSpeed="0.00" departDelay="0.66" arrival="141.00" arrivalLane="gneE2_0" arrivalPos="500.00" arrivalSpeed="7.13" duration="135.00" routeLength="1022.91" waitingTime="0.00" waitingCount="0" stopTime="0.00" timeLoss="11.44" rerouteNo="0" devices="tripinfo_fs.0 emissions_fs.0" vType="HV" speedFactor="0.94" vaporized="">
        <emissions CO_abs="357.577333" CO2_abs="170360.983963" HC_abs="55.016517" PMx_abs="20.325306" NOx_abs="27.336622" fuel_abs="54830.602332" electricity_abs="0"/>
    </tripinfo>
    <tripinfo id="fn.0" depart="1.00" departLane="gneE1_0" departPos="5.10" departSpeed="0.00" departDelay="0.13" arrival="142.00" arrivalLane="gneE4_0" arrivalPos="500.00" arrivalSpeed="7.43" duration="141.00" routeLength="1021.53" waitingTime="2.00" waitingCount="1" stopTime="0.00" timeLoss="18.11" rerouteNo="0" devices="tripinfo_fn.0 emissions_fn.0" vType="HV" speedFactor="1.20" vaporized="">
        <emissions CO_abs="382.487218" CO2_abs="189016.635630" HC_abs="60.615907" PMx_abs="21.492672" NOx_abs="28.316244" fuel_abs="60835.072162" electricity_abs="0"/>
    </tripinfo>
    <tripinfo id="fs.2" depart="19.00" departLane="gneE5_0" departPos="5.10" departSpeed="0.00" departDelay="0.18" arrival="144.00" arrivalLane="gneE2_0" arrivalPos="500.00" arrivalSpeed="8.33" duration="125.00" routeLength="1022.91" waitingTime="0.00" waitingCount="0" stopTime="0.00" timeLoss="1.72" rerouteNo="0" devices="tripinfo_fs.2 emissions_fs.2" vType="AV" speedFactor="0.90" vaporized="">
        <emissions CO_abs="342.919549" CO2_abs="180510.090811" HC_abs="61.487668" PMx_abs="28.256935" NOx_abs="15.302632" fuel_abs="58101.756078" electricity_abs="0"/>
    </tripinfo>
    <tripinfo id="fn.3" depart="12.00" departLane="gneE1_0" departPos="5.10" departSpeed="0.00" departDelay="0.37" arrival="149.00" arrivalLane="gneE8_0" arrivalPos="500.00" arrivalSpeed="7.27" duration="137.00" routeLength="1005.39" waitingTime="2.00" waitingCount="1" stopTime="0.00" timeLoss="15.72" rerouteNo="0" devices="tripinfo_fn.3 emissions_fn.3" vType="HV" speedFactor="1.09" vaporized="">
        <emissions CO_abs="367.172633" CO2_abs="180555.885599" HC_abs="59.101227" PMx_abs="21.366529" NOx_abs="26.564853" fuel_abs="58112.716976" electricity_abs="0"/>
    </tripinfo>
    <tripinfo id="fn.4" depart="15.00" departLane="gneE1_0" departPos="5.10" departSpeed="0.00" departDelay="1.16" arrival="150.00" arrivalLane="gneE4_0" arrivalPos="500.00" arrivalSpeed="7.22" duration="135.00" routeLength="1021.53" waitingTime="0.00" waitingCount="0" stopTime="0.00" timeLoss="12.08" rerouteNo="0" devices="tripinfo_fn.4 emissions_fn.4" vType="HV" speedFactor="0.92" vaporized="">
        <emissions CO_abs="358.971528" CO2_abs="176209.495723" HC_abs="57.155397" PMx_abs="21.711043" NOx_abs="25.346286" fuel_abs="56713.724054" electricity_abs="0"/>
    </tripinfo>
    <tripinfo id="fw.0" depart="24.00" departLane="gneE7_0" departPos="5.10" departSpeed="0.00" departDelay="0.76" arrival="159.00" arrivalLane="gneE4_0" arrivalPos="500.00" arrivalSpeed="7.04" duration="135.00" routeLength="1022.91" waitingTime="0.00" waitingCount="0" stopTime="0.00" timeLoss="11.92" rerouteNo="0" devices="tripinfo_fw.0 emissions_fw.0" vType="HV" speedFactor="0.93" vaporized="">
        <emissions CO_abs="358.861026" CO2_abs="171667.408460" HC_abs="55.357406" PMx_abs="20.458726" NOx_abs="27.023392" fuel_abs="55251.111666" electricity_abs="0"/>
    </tripinfo>
    <tripinfo id="fs.3" depart="25.00" departLane="gneE5_0" departPos="5.10" departSpeed="0.00" departDelay="0.45" arrival="159.00" arrivalLane="gneE8_0" arrivalPos="500.00" arrivalSpeed="8.33" duration="134.00" routeLength="1021.53" waitingTime="7.00" waitingCount="2" stopTime="0.00" timeLoss="10.75" rerouteNo="0" devices="tripinfo_fs.3 emissions_fs.3" vType="AV" speedFactor="1.04" vaporized="">
        <emissions CO_abs="369.187059" CO2_abs="201407.137888" HC_abs="68.256437" PMx_abs="29.355559" NOx_abs="17.000570" fuel_abs="64827.799149" electricity_abs="0"/>
    </tripinfo>
    <tripinfo id="fw.1" depart="30.00" departLane="gneE7_0" departPos="5.10" departSpeed="0.00" departDelay="0.79" arrival="162.00" arrivalLane="gneE6_0" arrivalPos="500.00" arrivalSpeed="7.52" duration="132.00" routeLength="1005.42" waitingTime="0.00" waitingCount="0" stopTime="0.00" timeLoss="10.79" rerouteNo="0" devices="tripinfo_fw.1 emissions_fw.1" vType="HV" speedFactor="1.01" vaporized="">
        <emissions CO_abs="356.307431" CO2_abs="171047.293143" HC_abs="55.344369" PMx_abs="20.727629" NOx_abs="26.440933" fuel_abs="55051.747993" electricity_abs="0"/>
    </tripinfo>
    <tripinfo id="fs.4" depart="29.00" departLane="gneE5_0" departPos="5.10" departSpeed="0.00" departDelay="0.17" arrival="164.00" arrivalLane="gneE2_0" arrivalPos="500.00" arrivalSpeed="7.65" duration="135.00" routeLength="1022.91" waitingTime="0.00" waitingCount="0" stopTime="0.00" timeLoss="12.07" rerouteNo="0" devices="tripinfo_fs.4 emissions_fs.4" vType="HV" speedFactor="1.08" vaporized="">
        <emissions CO_abs="398.457910" CO2_abs="186598.908375" HC_abs="59.741983" PMx_abs="21.478120" NOx_abs="31.323890" fuel_abs="60056.070200" electricity_abs="0"/>
    </tripinfo>
    <tripinfo id="fw.2" depart="33.00" departLane="gneE7_0" departPos="5.10" departSpeed="0.00" departDelay="2.80" arrival="165.00" arrivalLane="gneE6_0" arrivalPos="500.00" arrivalSpeed="8.33" duration="132.00" routeLength="1005.42" waitingTime="0.00" waitingCount="0" stopTime="0.00" timeLoss="10.29" rerouteNo="0" devices="tripinfo_fw.2 emissions_fw.2" vType="AV" speedFactor="1.03" vaporized="">
        <emissions CO_abs="346.534849" CO2_abs="176878.920580" HC_abs="58.143492" PMx_abs="23.464951" NOx_abs="21.120160" fuel_abs="56930.570066" electricity_abs="0"/>
    </tripinfo>
    <tripinfo id="fw.3" depart="39.00" departLane="gneE7_0" departPos="5.10" departSpeed="0.00" departDelay="0.27" arrival="165.00" arrivalLane="gneE4_0" arrivalPos="500.00" arrivalSpeed="8.33" duration="126.00" routeLength="1022.91" waitingTime="0.00" waitingCount="0" stopTime="0.00" timeLoss="3.01" rerouteNo="0" devices="tripinfo_fw.3 emissions_fw.3" vType="AV" speedFactor="0.87" vaporized="">
        <emissions CO_abs="340.775856" CO2_abs="178899.106259" HC_abs="60.640813" PMx_abs="27.395937" NOx_abs="15.984946" fuel_abs="57582.900696" electricity_abs="0"/>
    </tripinfo>
    <tripinfo id="fw.4" depart="44.00" departLane="gneE7_0" departPos="5.10" departSpeed="0.00" departDelay="0.26" arrival="168.00" arrivalLane="gneE2_0" arrivalPos="500.00" arrivalSpeed="8.33" duration="124.00" routeLength="1021.51" waitingTime="0.00" waitingCount="0" stopTime="0.00" timeLoss="1.26" rerouteNo="0" devices="tripinfo_fw.4 emissions_fw.4" vType="AV" speedFactor="1.03" vaporized="">
        <emissions CO_abs="340.530983" CO2_abs="180046.538081" HC_abs="61.467986" PMx_abs="28.503892" NOx_abs="14.582286" fuel_abs="57952.758836" electricity_abs="0"/>
    </tripinfo>
    <tripinfo id="fe.2" depart="37.00" departLane="gneE3_0" departPos="5.10" departSpeed="0.00" departDelay="0.90" arrival="172.00" arrivalLane="gneE2_0" arrivalPos="500.00" arrivalSpeed="7.54" duration="135.00" routeLength="1005.40" waitingTime="0.00" waitingCount="0" stopTime="0.00" timeLoss="13.49" rerouteNo="0" devices="tripinfo_fe.2 emissions_fe.2" vType="HV" speedFactor="0.89" vaporized="">
        <emissions CO_abs="365.056692" CO2_abs="176080.356050" HC_abs="56.533374" PMx_abs="20.589001" NOx_abs="27.462875" fuel_abs="56671.350763" electricity_abs="0"/>
    </tripinfo>
    <tripinfo id="fe.3" depart="40.00" departLane="gneE3_0" departPos="5.10" departSpeed="0.00" departDelay="1.04" arrival="172.00" arrivalLane="gneE2_1" arrivalPos="500.00" arrivalSpeed="8.33" duration="132.00" routeLength="1005.40" waitingTime="1.00" waitingCount="1" stopTime="0.00" timeLoss="10.71" rerouteNo="0" devices="tripinfo_fe.3 emissions_fe.3" vType="AV" speedFactor="1.01" vaporized="">
        <emissions CO_abs="343.105520" CO2_abs="175180.979959" HC_abs="57.620765" PMx_abs="23.215373" NOx_abs="20.949064" fuel_abs="56384.056525" electricity_abs="0"/>
    </tripinfo>
    <tripinfo id="fs.5" depart="50.00" departLane="gneE5_0" departPos="5.10" departSpeed="0.00" departDelay="0.05" arrival="173.00" arrivalLane="gneE4_0" arrivalPos="500.00" arrivalSpeed="8.33" duration="123.00" routeLength="1005.39" waitingTime="0.00" waitingCount="0" stopTime="0.00" timeLoss="1.75" rerouteNo="0" devices="tripinfo_fs.5 emissions_fs.5" vType="AV" speedFactor="1.13" vaporized="">
        <emissions CO_abs="335.437809" CO2_abs="179501.040944" HC_abs="61.247187" PMx_abs="28.497193" NOx_abs="13.511141" fuel_abs="57777.373459" electricity_abs="0"/>
    </tripinfo>
    <tripinfo id="fe.1" depart="27.00" departLane="gneE3_0" departPos="5.10" departSpeed="0.00" departDelay="0.90" arrival="176.00" arrivalLane="gneE6_0" arrivalPos="500.00" arrivalSpeed="8.31" duration="149.00" routeLength="1021.55" waitingTime="10.00" waitingCount="1" stopTime="0.00" timeLoss="25.75" rerouteNo="0" devices="tripinfo_fe.1 emissions_fe.1" vType="HV" speedFactor="0.94" vaporized="">
        <emissions CO_abs="400.579838" CO2_abs="202746.813251" HC_abs="64.938168" PMx_abs="21.355972" NOx_abs="31.514092" fuel_abs="65253.925303" electricity_abs="0"/>
    </tripinfo>
    <tripinfo id="fn.5" depart="53.00" departLane="gneE1_0" departPos="5.10" departSpeed="0.00" departDelay="0.74" arrival="177.00" arrivalLane="gneE8_0" arrivalPos="500.00" arrivalSpeed="8.33" duration="124.00" routeLength="1005.39" waitingTime="0.00" waitingCount="0" stopTime="0.00" timeLoss="2.31" rerouteNo="0" devices="tripinfo_fn.5 emissions_fn.5" vType="AV" speedFactor="0.89" vaporized="">
        <emissions CO_abs="344.133320" CO2_abs="183362.083742" HC_abs="62.348105" PMx_abs="28.669885" NOx_abs="14.489632" fuel_abs="59019.890968" electricity_abs="0"/>
    </tripinfo>
    <tripinfo id="fs.6" depart="54.00" departLane="gneE5_0" departPos="5.10" departSpeed="0.00" departDelay="0.62" arrival="177.00" arrivalLane="gneE4_0" arrivalPos="500.00" arrivalSpeed="8.33" duration="123.00" routeLength="1005.39" waitingTime="0.00" waitingCount="0" stopTime="0.00" timeLoss="1.30" rerouteNo="0" devices="tripinfo_fs.6 emissions_fs.6" vType="AV" speedFactor="0.97" vaporized="">
        <emissions CO_abs="343.765355" CO2_abs="181916.207989" HC_abs="62.050448" PMx_abs="28.671505" NOx_abs="14.849443" fuel_abs="58554.518643" electricity_abs="0"/>
    </tripinfo>
    <tripinfo id="fn.6" depart="56.00" departLane="gneE1_0" departPos="5.10" departSpeed="0.00" departDelay="3.27" arrival="181.00" arrivalLane="gneE6_0" arrivalPos="500.00" arrivalSpeed="8.33" duration="125.00" routeLength="1022.95" waitingTime="0.00" waitingCount="0" stopTime="0.00" timeLoss="1.88" rerouteNo="0" devices="tripinfo_fn.6 emissions_fn.6" vType="AV" speedFactor="1.15" vaporized="">
        <emissions CO_abs="358.436370" CO2_abs="187914.897258" HC_abs="63.864040" PMx_abs="29.232312" NOx_abs="16.053177" fuel_abs="60485.022657" electricity_abs="0"/>
    </tripinfo>
    <tripinfo id="fs.7" depart="58.00" departLane="gneE5_0" departPos="5.10" departSpeed="0.00" departDelay="0.04" arrival="181.00" arrivalLane="gneE4_0" arrivalPos="500.00" arrivalSpeed="8.33" duration="123.00" routeLength="1005.39" waitingTime="0.00" waitingCount="0" stopTime="0.00" timeLoss="1.61" rerouteNo="0" devices="tripinfo_fs.7 emissions_fs.7" vType="AV" speedFactor="0.94" vaporized="">
        <emissions CO_abs="340.609531" CO2_abs="180518.264024" HC_abs="61.535230" PMx_abs="28.374271" NOx_abs="14.741850" fuel_abs="58104.540608" electricity_abs="0"/>
    </tripinfo>
    <tripinfo id="fw.6" depart="56.00" departLane="gneE7_0" departPos="5.10" departSpeed="0.00" departDelay="2.48" arrival="184.00" arrivalLane="gneE6_0" arrivalPos="500.00" arrivalSpeed="8.33" duration="128.00" routeLength="1005.42" waitingTime="1.00" waitingCount="1" stopTime="0.00" timeLoss="6.34" rerouteNo="0" devices="tripinfo_fw.6 emissions_fw.6" vType="AV" speedFactor="0.99" vaporized="">
        <emissions CO_abs="363.065388" CO2_abs="186539.961986" HC_abs="62.012733" PMx_abs="26.535583" NOx_abs="19.261148" fuel_abs="60040.921926" electricity_abs="0"/>
    </tripinfo>
    <tripinfo id="fw.7" depart="61.00" departLane="gneE7_0" departPos="5.10" departSpeed="0.00" departDelay="0.53" arrival="186.00" arrivalLane="gneE6_0" arrivalPos="500.00" arrivalSpeed="8.33" duration="125.00" routeLength="1005.42" waitingTime="0.00" waitingCount="0" stopTime="0.00" timeLoss="4.13" rerouteNo="0" devices="tripinfo_fw.7 emissions_fw.7" vType="AV" speedFactor="1.10" vaporized="">
        <emissions CO_abs="344.908792" CO2_abs="179819.809700" HC_abs="60.502934" PMx_abs="26.864810" NOx_abs="16.686527" fuel_abs="57878.798513" electricity_abs="0"/>
    </tripinfo>
    <tripinfo id="fn.8" depart="66.00" departLane="gneE1_0" departPos="5.10" departSpeed="0.00" departDelay="0.98" arrival="189.00" arrivalLane="gneE8_0" arrivalPos="500.00" arrivalSpeed="8.33" duration="123.00" routeLength="1005.39" waitingTime="0.00" waitingCount="0" stopTime="0.00" timeLoss="1.83" rerouteNo="0" devices="tripinfo_fn.8 emissions_fn.8" vType="AV" speedFactor="1.07" vaporized="">
        <emissions CO_abs="336.778733" CO2_abs="177528.693130" HC_abs="60.424099" PMx_abs="27.735242" NOx_abs="14.944412" fuel_abs="57142.108798" electricity_abs="0"/>
    </tripinfo>
    <tripinfo id="fw.5" depart="53.00" departLane="gneE7_0" departPos="5.10" departSpeed="0.00" departDelay="0.38" arrival="192.00" arrivalLane="gneE2_0" arrivalPos="500.00" arrivalSpeed="7.45" duration="139.00" routeLength="1021.51" waitingTime="0.00" waitingCount="0" stopTime="0.00" timeLoss="15.84" rerouteNo="0" devices="tripinfo_fw.5 emissions_fw.5" vType="HV" speedFactor="1.12" vaporized="">
        <emissions CO_abs="396.909573" CO2_abs="189364.208498" HC_abs="60.170873" PMx_abs="21.370078" NOx_abs="30.566750" fuel_abs="60946.090044" electricity_abs="0"/>
    </tripinfo>
    <tripinfo id="fe.5" depart="66.00" departLane="gneE3_0" departPos="5.10" departSpeed="0.00" departDelay="1.90" arrival="195.00" arrivalLane="gneE2_0" arrivalPos="500.00" arrivalSpeed="8.33" duration="129.00" routeLength="1005.40" waitingTime="0.00" waitingCount="0" stopTime="0.00" timeLoss="7.79" rerouteNo="0" devices="tripinfo_fe.5 emissions_fe.5" vType="AV" speedFactor="1.03" vaporized="">
        <emissions CO_abs="339.480417" CO2_abs="174391.698373" HC_abs="57.807446" PMx_abs="24.176019" NOx_abs="19.225413" fuel_abs="56130.588325" electricity_abs="0"/>
    </tripinfo>
    <tripinfo id="fe.4" depart="63.00" departLane="gneE3_0" departPos="5.10" departSpeed="0.00" departDelay="0.92" arrival="199.00" arrivalLane="gneE8_0" arrivalPos="500.00" arrivalSpeed="7.04" duration="136.00" routeLength="1022.92" waitingTime="0.00" waitingCount="0" stopTime="0.00" timeLoss="12.92" rerouteNo="0" devices="tripinfo_fe.4 emissions_fe.4" vType="HV" speedFactor="0.83" vaporized="">
        <emissions CO_abs="368.997326" CO2_abs="177538.025986" HC_abs="57.094042" PMx_abs="20.938809" NOx_abs="27.605171" fuel_abs="57140.555877" electricity_abs="0"/>
    </tripinfo>
    <tripinfo id="fn.9" depart="69.00" departLane="gneE1_0" departPos="5.10" departSpeed="0.00" departDelay="3.65" arrival="201.00" arrivalLane="gneE8_0" arrivalPos="500.00" arrivalSpeed="8.33" duration="132.00" routeLength="1005.39" waitingTime="3.00" waitingCount="1" stopTime="0.00" timeLoss="11.21" rerouteNo="0" devices="tripinfo_fn.9 emissions_fn.9" vType="AV" speedFactor="1.04" vaporized="">
        <emissions CO_abs="357.118914" CO2_abs="186109.108439" HC_abs="61.527412" PMx_abs="25.069821" NOx_abs="19.890217" fuel_abs="59901.964181" electricity_abs="0"/>
    </tripinfo>
    <tripinfo id="fw.9" depart="73.00" departLane="gneE7_0" departPos="5.10" departSpeed="0.00" departDelay="0.68" arrival="201.00" arrivalLane="gneE2_0" arrivalPos="500.00" arrivalSpeed="8.33" duration="128.00" routeLength="1021.51" waitingTime="0.00" waitingCount="0" stopTime="0.00" timeLoss="4.90" rerouteNo="0" devices="tripinfo_fw.9 emissions_fw.9" vType="AV" speedFactor="0.90" vaporized="">
        <emissions CO_abs="375.901722" CO2_abs="195713.605057" HC_abs="65.528309" PMx_abs="28.936694" NOx_abs="18.072646" fuel_abs="62994.317929" electricity_abs="0"/>
    </tripinfo>
    <tripinfo id="fn.7" depart="59.00" departLane="gneE1_0" departPos="5.10" departSpeed="0.00" departDelay="4.81" arrival="204.00" arrivalLane="gneE4_1" arrivalPos="500.00" arrivalSpeed="7.97" duration="145.00" routeLength="1021.53" waitingTime="3.00" waitingCount="1" stopTime="0.00" timeLoss="22.15" rerouteNo="0" devices="tripinfo_fn.7 emissions_fn.7" vType="HV" speedFactor="1.02" vaporized="">
        <emissions CO_abs="386.150008" CO2_abs="194539.751608" HC_abs="62.101556" PMx_abs="21.410565" NOx_abs="28.845009" fuel_abs="62612.642041" electricity_abs="0"/>
    </tripinfo>
    <tripinfo id="fw.8" depart="70.00" departLane="gneE7_0" departPos="5.10" departSpeed="0.00" departDelay="0.52" arrival="205.00" arrivalLane="gneE4_0" arrivalPos="500.00" arrivalSpeed="7.82" duration="135.00" routeLength="1022.91" waitingTime="0.00" waitingCount="0" stopTime="0.00" timeLoss="11.55" rerouteNo="0" devices="tripinfo_fw.8 emissions_fw.8" vType="HV" speedFactor="0.77" vaporized="">
        <emissions CO_abs="372.770827" CO2_abs="173425.691055" HC_abs="55.682193" PMx_abs="19.968213" NOx_abs="30.180862" fuel_abs="55816.255543" electricity_abs="0"/>
    </tripinfo>
    <tripinfo id="fs.8" depart="84.00" departLane="gneE5_0" departPos="5.10" departSpeed="0.00" departDelay="0.26" arrival="210.00" arrivalLane="gneE4_0" arrivalPos="500.00" arrivalSpeed="8.33" duration="126.00" routeLength="1005.39" waitingTime="2.00" waitingCount="1" stopTime="0.00" timeLoss="4.78" rerouteNo="0" devices="tripinfo_fs.8 emissions_fs.8" vType="AV" speedFactor="1.06" vaporized="">
        <emissions CO_abs="359.834913" CO2_abs="189276.069729" HC_abs="65.176118" PMx_abs="28.912789" NOx_abs="16.298093" fuel_abs="60923.510086" electricity_abs="0"/>
    </tripinfo>
    <tripinfo id="fe.6" depart="78.00" departLane="gneE3_0" departPos="5.10" departSpeed="0.00" departDelay="0.08" arrival="212.00" arrivalLane="gneE6_0" arrivalPos="500.00" arrivalSpeed="7.66" duration="134.00" routeLength="1021.55" waitingTime="0.00" waitingCount="0" stopTime="0.00" timeLoss="11.40" rerouteNo="0" devices="tripinfo_fe.6 emissions_fe.6" vType="HV" speedFactor="1.02" vaporized="">
        <emissions CO_abs="357.235870" CO2_abs="168409.369416" HC_abs="54.179613" PMx_abs="19.753422" NOx_abs="27.770163" fuel_abs="54202.149575" electricity_abs="0"/>
    </tripinfo>
    <tripinfo id="fs.9" depart="91.00" departLane="gneE5_0" departPos="5.10" departSpeed="0.00" departDelay="0.58" arrival="215.00" arrivalLane="gneE8_0" arrivalPos="500.00" arrivalSpeed="8.33" duration="124.00" routeLength="1021.53" waitingTime="0.00" waitingCount="0" stopTime="0.00" timeLoss="1.13" rerouteNo="0" devices="tripinfo_fs.9 emissions_fs.9" vType="AV" speedFactor="1.17" vaporized="">
        <emissions CO_abs="342.624025" CO2_abs="182386.917790" HC_abs="62.390359" PMx_abs="29.146016" NOx_abs="14.044272" fuel_abs="58706.299777" electricity_abs="0"/>
    </tripinfo>
    <tripinfo id="fw.10" depart="81.00" departLane="gneE7_0" departPos="5.10" departSpeed="0.00" departDelay="0.37" arrival="216.00" arrivalLane="gneE2_0" arrivalPos="500.00" arrivalSpeed="7.18" duration="135.00" routeLength="1021.51" waitingTime="0.00" waitingCount="0" stopTime="0.00" timeLoss="12.11" rerouteNo="0" devices="tripinfo_fw.10 emissions_fw.10" vType="HV" speedFactor="0.88" vaporized="">
        <emissions CO_abs="350.572049" CO2_abs="169762.556264" HC_abs="54.853781" PMx_abs="20.490499" NOx_abs="25.682943" fuel_abs="54638.344358" electricity_abs="0"/>
    </tripinfo>
    <tripinfo id="fn.10" depart="92.00" departLane="gneE1_0" departPos="5.10" departSpeed="0.00" departDelay="0.24" arrival="226.00" arrivalLane="gneE8_0" arrivalPos="500.00" arrivalSpeed="7.04" duration="134.00" routeLength="1005.39" waitingTime="0.00" waitingCount="0" stopTime="0.00" timeLoss="12.54" rerouteNo="0" devices="tripinfo_fn.10 emissions_fn.10" vType="HV" speedFactor="1.00" vaporized="">
        <emissions CO_abs="373.907505" CO2_abs="177750.459896" HC_abs="57.105448" PMx_abs="20.661702" NOx_abs="29.070609" fuel_abs="57208.606950" electricity_abs="0"/>
    </tripinfo>
    <tripinfo id="fs.11" depart="101.00" departLane="gneE5_0" departPos="5.10" departSpeed="0.00" departDelay="0.30" arrival="227.00" arrivalLane="gneE8_1" arrivalPos="500.00" arrivalSpeed="8.33" duration="126.00" routeLength="1021.53" waitingTime="0.00" waitingCount="0" stopTime="0.00" timeLoss="3.25" rerouteNo="0" devices="tripinfo_fs.11 emissions_fs.11" vType="AV" speedFactor="1.02" vaporized="">
        <emissions CO_abs="337.128332" CO2_abs="173607.186532" HC_abs="58.563071" PMx_abs="25.980784" NOx_abs="17.281112" fuel_abs="55879.008196" electricity_abs="0"/>
    </tripinfo>
    <tripinfo id="fs.10" depart="94.00" departLane="gneE5_0" departPos="5.10" departSpeed="0.00" departDelay="3.31" arrival="229.00" arrivalLane="gneE8_0" arrivalPos="500.00" arrivalSpeed="7.77" duration="135.00" routeLength="1021.53" waitingTime="0.00" waitingCount="0" stopTime="0.00" timeLoss="11.81" rerouteNo="0" devices="tripinfo_fs.10 emissions_fs.10" vType="HV" speedFactor="1.05" vaporized="">
        <emissions CO_abs="356.036051" CO2_abs="173844.296233" HC_abs="56.372539" PMx_abs="21.344694" NOx_abs="25.486389" fuel_abs="55952.367082" electricity_abs="0"/>
    </tripinfo>
    <tripinfo id="fe.7" depart="94.00" departLane="gneE3_0" departPos="5.10" departSpeed="0.00" departDelay="0.71" arrival="232.00" arrivalLane="gneE8_0" arrivalPos="500.00" arrivalSpeed="8.23" duration="138.00" routeLength="1022.92" waitingTime="1.00" waitingCount="1" stopTime="0.00" timeLoss="14.87" rerouteNo="0" devices="tripinfo_fe.7 emissions_fe.7" vType="HV" speedFactor="1.10" vaporized="">
        <emissions CO_abs="397.001088" CO2_abs="189168.079390" HC_abs="61.770097" PMx_abs="21.983454" NOx_abs="30.321168" fuel_abs="60883.903557" electricity_abs="0"/>
    </tripinfo>
    <tripinfo id="fw.11" depart="97.00" departLane="gneE7_0" departPos="5.10" departSpeed="0.00" departDelay="0.76" arrival="233.00" arrivalLane="gneE4_0" arrivalPos="500.00" arrivalSpeed="7.16" duration="136.00" routeLength="1022.91" waitingTime="0.00" waitingCount="0" stopTime="0.00" timeLoss="12.54" rerouteNo="0" devices="tripinfo_fw.11 emissions_fw.11" vType="HV" speedFactor="0.90" vaporized="">
        <emissions CO_abs="363.488378" CO2_abs="175303.542370" HC_abs="56.538990" PMx_abs="21.004009" NOx_abs="26.802461" fuel_abs="56421.572784" electricity_abs="0"/>
    </tripinfo>
    <tripinfo id="fn.11" depart="104.00" departLane="gneE1_0" departPos="5.10" departSpeed="0.00" departDelay="0.96" arrival="234.00" arrivalLane="gneE6_0" arrivalPos="500.00" arrivalSpeed="8.33" duration="130.00" routeLength="1022.95" waitingTime="1.00" waitingCount="1" stopTime="0.00" timeLoss="6.65" rerouteNo="0" devices="tripinfo_fn.11 emissions_fn.11" vType="AV" speedFactor="1.12" vaporized="">
        <emissions CO_abs="367.380909" CO2_abs="195704.522153" HC_abs="65.713617" PMx_abs="29.050234" NOx_abs="16.520600" fuel_abs="62991.861557" electricity_abs="0"/>
    </tripinfo>
    <tripinfo id="fw.12" depart="101.00" departLane="gneE7_0" departPos="5.10" departSpeed="0.00" departDelay="0.55" arrival="236.00" arrivalLane="gneE2_0" arrivalPos="500.00" arrivalSpeed="7.17" duration="135.00" routeLength="1021.51" waitingTime="0.00" waitingCount="0" stopTime="0.00" timeLoss="12.18" rerouteNo="0" devices="tripinfo_fw.12 emissions_fw.12" vType="HV" speedFactor="0.96" vaporized="">
        <emissions CO_abs="351.598124" CO2_abs="172768.279243" HC_abs="55.997533" PMx_abs="21.209641" NOx_abs="24.978218" fuel_abs="55606.120745" electricity_abs="0"/>
    </tripinfo>
    <tripinfo id="fs.12" depart="104.00" departLane="gneE5_0" departPos="5.10" departSpeed="0.00" departDelay="1.73" arrival="236.00" arrivalLane="gneE8_0" arrivalPos="500.00" arrivalSpeed="8.33" duration="132.00" routeLength="1021.53" waitingTime="2.00" waitingCount="1" stopTime="0.00" timeLoss="8.58" rerouteNo="0" devices="tripinfo_fs.12 emissions_fs.12" vType="AV" speedFactor="1.00" vaporized="">
        <emissions CO_abs="351.751075" CO2_abs="183978.384384" HC_abs="61.829145" PMx_abs="26.054434" NOx_abs="18.745021" fuel_abs="59216.923067" electricity_abs="0"/>
    </tripinfo>
    <tripinfo id="fn.13" depart="110.00" departLane="gneE1_0" departPos="5.10" departSpeed="0.00" departDelay="1.41" arrival="239.00" arrivalLane="gneE8_1" arrivalPos="500.00" arrivalSpeed="8.33" duration="129.00" routeLength="1005.39" waitingTime="0.00" waitingCount="0" stopTime="0.00" timeLoss="7.30" rerouteNo="0" devices="tripinfo_fn.13 emissions_fn.13" vType="AV" speedFactor="0.96" vaporized="">
        <emissions CO_abs="330.758596" CO2_abs="173725.642118" HC_abs="57.987495" PMx_abs="24.922103" NOx_abs="17.090017" fuel_abs="55916.904071" electricity_abs="0"/>
    </tripinfo>
    <tripinfo id="fn.12" depart="107.00" departLane="gneE1_0" departPos="5.10" departSpeed="0.00" departDelay="0.93" arrival="240.00" arrivalLane="gneE8_0" arrivalPos="500.00" arrivalSpeed="7.25" duration="133.00" routeLength="1005.39" waitingTime="0.00" waitingCount="0" stopTime="0.00" timeLoss="11.67" rerouteNo="0" devices="tripinfo_fn.12 emissions_fn.12" vType="HV" speedFactor="1.00" vaporized="">
        <emissions CO_abs="357.319817" CO2_abs="167502.628474" HC_abs="53.744780" PMx_abs="19.310041" NOx_abs="28.508514" fuel_abs="53910.064723" electricity_abs="0"/>
    </tripinfo>
    <tripinfo id="fe.9" depart="111.00" departLane="gneE3_0" departPos="5.10" departSpeed="0.00" departDelay="0.40" arrival="240.00" arrivalLane="gneE6_0" arrivalPos="500.00" arrivalSpeed="8.33" duration="129.00" routeLength="1021.55" waitingTime="0.00" waitingCount="0" stopTime="0.00" timeLoss="5.93" rerouteNo="0" devices="tripinfo_fe.9 emissions_fe.9" vType="AV" speedFactor="0.91" vaporized="">
        <emissions CO_abs="364.025730" CO2_abs="187910.092711" HC_abs="62.745029" PMx_abs="27.319051" NOx_abs="18.439145" fuel_abs="60482.292645" electricity_abs="0"/>
    </tripinfo>
    <tripinfo id="fe.8" depart="107.00" departLane="gneE3_0" departPos="5.10" departSpeed="0.00" departDelay="0.29" arrival="243.00" arrivalLane="gneE6_0" arrivalPos="500.00" arrivalSpeed="7.07" duration="136.00" routeLength="1021.55" waitingTime="0.00" waitingCount="0" stopTime="0.00" timeLoss="12.82" rerouteNo="0" devices="tripinfo_fe.8 emissions_fe.8" vType="HV" speedFactor="0.99" vaporized="">
        <emissions CO_abs="361.282913" CO2_abs="176619.866471" HC_abs="57.153151" PMx_abs="21.479506" NOx_abs="25.976521" fuel_abs="56845.602386" electricity_abs="0"/>
    </tripinfo>
    <tripinfo id="fe.11" depart="118.00" departLane="gneE3_0" departPos="5.10" departSpeed="0.00" departDelay="1.57" arrival="243.00" arrivalLane="gneE2_0" arrivalPos="500.00" arrivalSpeed="8.33" duration="125.00" routeLength="1005.40" waitingTime="0.00" waitingCount="0" stopTime="0.00" timeLoss="4.19" rerouteNo="0" devices="tripinfo_fe.11 emissions_fe.11" vType="AV" speedFactor="1.03" vaporized="">
        <emissions CO_abs="335.861720" CO2_abs="176979.412237" HC_abs="59.714217" PMx_abs="26.708698" NOx_abs="15.707117" fuel_abs="56964.856366" electricity_abs="0"/>
    </tripinfo>
    <tripinfo id="fw.13" depart="112.00" departLane="gneE7_0" departPos="5.10" departSpeed="0.00" departDelay="0.87" arrival="244.00" arrivalLane="gneE4_0" arrivalPos="500.00" arrivalSpeed="8.33" duration="132.00" routeLength="1022.91" waitingTime="2.00" waitingCount="2" stopTime="0.00" timeLoss="9.15" rerouteNo="0" devices="tripinfo_fw.13 emissions_fw.13" vType="AV" speedFactor="1.06" vaporized="">
        <emissions CO_abs="370.311762" CO2_abs="197269.027180" HC_abs="66.305292" PMx_abs="28.754907" NOx_abs="17.535868" fuel_abs="63495.290261" electricity_abs="0"/>
    </tripinfo>
    <tripinfo id="fn.15" depart="117.00" departLane="gneE1_0" departPos="5.10" departSpeed="0.00" departDelay="5.33" arrival="247.00" arrivalLane="gneE6_0" arrivalPos="500.00" arrivalSpeed="8.33" duration="130.00" routeLength="1022.95" waitingTime="0.00" waitingCount="0" stopTime="0.00" timeLoss="6.27" rerouteNo="0" devices="tripinfo_fn.15 emissions_fn.15" vType="AV" speedFactor="1.02" vaporized="">
        <emissions CO_abs="372.448064" CO2_abs="192495.085900" HC_abs="64.080642" PMx_abs="27.698679" NOx_abs="19.281133" fuel_abs="61957.888898" electricity_abs="0"/>
    </tripinfo>
    <tripinfo id="fn.14" depart="113.00" departLane="gneE1_0" departPos="5.10" departSpeed="0.00" departDelay="1.64" arrival="249.00" arrivalLane="gneE4_0" arrivalPos="500.00" arrivalSpeed="8.33" duration="136.00" routeLength="1021.53" waitingTime="8.00" waitingCount="2" stopTime="0.00" timeLoss="12.44" rerouteNo="0" devices="tripinfo_fn.14 emissions_fn.14" vType="AV" speedFactor="0.95" vaporized="">
        <emissions CO_abs="365.965934" CO2_abs="202569.467183" HC_abs="68.642724" PMx_abs="29.336501" NOx_abs="16.288691" fuel_abs="65202.107825" electricity_abs="0"/>
    </tripinfo>
    <tripinfo id="fn.16" depart="121.00" departLane="gneE1_0" departPos="5.10" departSpeed="0.00" departDelay="0.47" arrival="249.00" arrivalLane="gneE6_0" arrivalPos="500.00" arrivalSpeed="8.33" duration="128.00" routeLength="1022.95" waitingTime="0.00" waitingCount="0" stopTime="0.00" timeLoss="4.83" rerouteNo="0" devices="tripinfo_fn.16 emissions_fn.16" vType="AV" speedFactor="1.09" vaporized="">
        <emissions CO_abs="362.433821" CO2_abs="187046.088150" HC_abs="62.833954" PMx_abs="27.742208" NOx_abs="18.154170" fuel_abs="60204.473514" electricity_abs="0"/>
    </tripinfo>
    <tripinfo id="fe.10" depart="114.00" departLane="gneE3_0" departPos="5.10" departSpeed="0.00" departDelay="2.90" arrival="250.00" arrivalLane="gneE6_0" arrivalPos="500.00" arrivalSpeed="7.53" duration="136.00" routeLength="1021.55" waitingTime="0.00" waitingCount="0" stopTime="0.00" timeLoss="13.15" rerouteNo="0" devices="tripinfo_fe.10 emissions_fe.10" vType="HV" speedFactor="0.93" vaporized="">
        <emissions CO_abs="360.552670" CO2_abs="177967.974221" HC_abs="57.562741" PMx_abs="21.770034" NOx_abs="25.213761" fuel_abs="57279.679956" electricity_abs="0"/>
    </tripinfo>
    <tripinfo id="fe.12" depart="121.00" departLane="gneE3_0" departPos="5.10" departSpeed="0.00" departDelay="4.23" arrival="250.00" arrivalLane="gneE8_0" arrivalPos="500.00" arrivalSpeed="8.33" duration="129.00" routeLength="1022.92" waitingTime="0.00" waitingCount="0" stopTime="0.00" timeLoss="5.81" rerouteNo="0" devices="tripinfo_fe.12 emissions_fe.12" vType="AV" speedFactor="0.92" vaporized="">
        <emissions CO_abs="355.246425" CO2_abs="183911.063487" HC_abs="62.700654" PMx_abs="27.191232" NOx_abs="17.748408" fuel_abs="59195.903759" electricity_abs="0"/>
    </tripinfo>
    <tripinfo id="fw.14" depart="116.00" departLane="gneE7_0" departPos="5.10" departSpeed="0.00" departDelay="0.77" arrival="254.00" arrivalLane="gneE4_0" arrivalPos="500.00" arrivalSpeed="8.33" duration="138.00" routeLength="1022.91" waitingTime="4.00" waitingCount="1" stopTime="0.00" timeLoss="14.75" rerouteNo="0" devices="tripinfo_fw.14 emissions_fw.14" vType="AV" speedFactor="1.12" vaporized="">
        <emissions CO_abs="382.442993" CO2_abs="207284.746429" HC_abs="68.495376" PMx_abs="28.938567" NOx_abs="17.927844" fuel_abs="66718.483420" electricity_abs="0"/>
    </tripinfo>
    <tripinfo id="fw.15" depart="129.00" departLane="gneE7_0" departPos="5.10" departSpeed="0.00" departDelay="0.38" arrival="254.00" arrivalLane="gneE2_0" arrivalPos="500.00" arrivalSpeed="8.33" duration="125.00" routeLength="1021.51" waitingTime="0.00" waitingCount="0" stopTime="0.00" timeLoss="1.52" rerouteNo="0" devices="tripinfo_fw.15 emissions_fw.15" vType="AV" speedFactor="1.08" vaporized="">
        <emissions CO_abs="357.079182" CO2_abs="187171.152542" HC_abs="63.757527" PMx_abs="29.297737" NOx_abs="16.068630" fuel_abs="60245.723030" electricity_abs="0"/>
    </tripinfo>
    <tripinfo id="fs.13" depart="121.00" departLane="gneE5_0" departPos="5.10" departSpeed="0.00" departDelay="0.54" arrival="255.00" arrivalLane="gneE8_0" arrivalPos="500.00" arrivalSpeed="8.01" duration="134.00" routeLength="1021.53" waitingTime="0.00" waitingCount="0" stopTime="0.00" timeLoss="10.65" rerouteNo="0" devices="tripinfo_fs.13 emissions_fs.13" vType="HV" speedFactor="0.90" vaporized="">
        <emissions CO_abs="362.426827" CO2_abs="173310.674815" HC_abs="56.181032" PMx_abs="21.095223" NOx_abs="27.198704" fuel_abs="55780.203539" electricity_abs="0"/>
    </tripinfo>
    <tripinfo id="fn.17" depart="124.00" departLane="gneE1_0" departPos="5.10" departSpeed="0.00" departDelay="0.13" arrival="258.00" arrivalLane="gneE4_0" arrivalPos="500.00" arrivalSpeed="8.33" duration="134.00" routeLength="1021.53" waitingTime="0.00" waitingCount="0" stopTime="0.00" timeLoss="11.05" rerouteNo="0" devices="tripinfo_fn.17 emissions_fn.17" vType="AV" speedFactor="1.02" vaporized="">
        <emissions CO_abs="381.844804" CO2_abs="200792.905436" HC_abs="67.358847" PMx_abs="28.783029" NOx_abs="18.603343" fuel_abs="64629.212264" electricity_abs="0"/>
    </tripinfo>
    <tripinfo id="fw.16" depart="139.00" departLane="gneE7_0" departPos="5.10" departSpeed="0.00" departDelay="0.78" arrival="264.00" arrivalLane="gneE6_0" arrivalPos="500.00" arrivalSpeed="8.33" duration="125.00" routeLength="1005.42" waitingTime="0.00" waitingCount="0" stopTime="0.00" timeLoss="3.59" rerouteNo="0" devices="tripinfo_fw.16 emissions_fw.16" vType="AV" speedFactor="0.83" vaporized="">
        <emissions CO_abs="360.102400" CO2_abs="187752.180412" HC_abs="63.378558" PMx_abs="28.376789" NOx_abs="17.240865" fuel_abs="60432.164352" electricity_abs="0"/>
    </tripinfo>
    <tripinfo id="fe.13" depart="130.00" departLane="gneE3_0" departPos="5.10" departSpeed="0.00" departDelay="0.47" arrival="269.00" arrivalLane="gneE8_0" arrivalPos="500.00" arrivalSpeed="8.19" duration="139.00" routeLength="1022.92" waitingTime="1.00" waitingCount="1" stopTime="0.00" timeLoss="15.44" rerouteNo="0" devices="tripinfo_fe.13 emissions_fe.13" vType="HV" speedFactor="0.98" vaporized="">
        <emissions CO_abs="387.082297" CO2_abs="183452.395681" HC_abs="59.532986" PMx_abs="20.874072" NOx_abs="30.139993" fuel_abs="59043.932743" electricity_abs="0"/>
    </tripinfo>
    <tripinfo id="fe.14" depart="135.00" departLane="gneE3_0" departPos="5.10" departSpeed="0.00" departDelay="0.93" arrival="269.00" arrivalLane="gneE2_0" arrivalPos="500.00" arrivalSpeed="7.23" duration="134.00" routeLength="1005.40" waitingTime="0.00" waitingCount="0" stopTime="0.00" timeLoss="12.94" rerouteNo="0" devices="tripinfo_fe.14 emissions_fe.14" vType="HV" speedFactor="0.98" vaporized="">
        <emissions CO_abs="372.298588" CO2_abs="178354.803814" HC_abs="57.391668" PMx_abs="21.051586" NOx_abs="28.079372" fuel_abs="57403.377531" electricity_abs="0"/>
    </tripinfo>
    <tripinfo id="fs.14" depart="135.00" departLane="gneE5_0" departPos="5.10" departSpeed="0.00" departDelay="0.37" arrival="269.00" arrivalLane="gneE8_1" arrivalPos="500.00" arrivalSpeed="7.59" duration="134.00" routeLength="1021.53" waitingTime="0.00" waitingCount="0" stopTime="0.00" timeLoss="11.11" rerouteNo="0" devices="tripinfo_fs.14 emissions_fs.14" vType="HV" speedFactor="0.94" vaporized="">
        <emissions CO_abs="362.746019" CO2_abs="175715.062861" HC_abs="56.967034" PMx_abs="21.520428" NOx_abs="26.360316" fuel_abs="56554.329435" electricity_abs="0"/>
    </tripinfo>
    <tripinfo id="fw.17" depart="142.00" departLane="gneE7_0" departPos="5.10" departSpeed="0.00" departDelay="3.72" arrival="269.00" arrivalLane="gneE4_0" arrivalPos="500.00" arrivalSpeed="8.33" duration="127.00" routeLength="1022.91" waitingTime="0.00" waitingCount="0" stopTime="0.00" timeLoss="4.02" rerouteNo="0" devices="tripinfo_fw.17 emissions_fw.17" vType="AV" speedFactor="1.05" vaporized="">
        <emissions CO_abs="379.865577" CO2_abs="194619.855447" HC_abs="65.370273" PMx_abs="28.873715" NOx_abs="19.249634" fuel_abs="62642.120712" electricity_abs="0"/>
    </tripinfo>
    <tripinfo id="fe.15" depart="138.00" departLane="gneE3_0" departPos="5.10" departSpeed="0.00" departDelay="3.37" arrival="272.00" arrivalLane="gneE2_0" arrivalPos="500.00" arrivalSpeed="8.33" duration="134.00" routeLength="1005.40" waitingTime="0.00" waitingCount="0" stopTime="0.00" timeLoss="12.26" rerouteNo="0" devices="tripinfo_fe.15 emissions_fe.15" vType="AV" speedFactor="1.01" vaporized="">
        <emissions CO_abs="345.957039" CO2_abs="176713.093322" HC_abs="57.637442" PMx_abs="22.744010" NOx_abs="21.407149" fuel_abs="56876.853899" electricity_abs="0"/>
    </tripinfo>
    <tripinfo id="fs.15" depart="148.00" departLane="gneE5_0" departPos="5.10" departSpeed="0.00" departDelay="0.43" arrival="273.00" arrivalLane="gneE8_0" arrivalPos="500.00" arrivalSpeed="8.33" duration="125.00" routeLength="1021.53" waitingTime="0.00" waitingCount="0" stopTime="0.00" timeLoss="2.02" rerouteNo="0" devices="tripinfo_fs.15 emissions_fs.15" vType="AV" speedFactor="0.86" vaporized="">
        <emissions CO_abs="360.504982" CO2_abs="188087.483236" HC_abs="63.803643" PMx_abs="29.047820" NOx_abs="16.561200" fuel_abs="60540.390818" electricity_abs="0"/>
    </tripinfo>
    <tripinfo id="fw.18" depart="147.00" departLane="gneE7_0" departPos="5.10" departSpeed="0.00" departDelay="0.00" arrival="274.00" arrivalLane="gneE2_0" arrivalPos="500.00" arrivalSpeed="8.33" duration="127.00" routeLength="1021.51" waitingTime="0.00" waitingCount="0" stopTime="0.00" timeLoss="4.04" rerouteNo="0" devices="tripinfo_fw.18 emissions_fw.18" vType="AV" speedFactor="1.06" vaporized="">
        <emissions CO_abs="339.883162" CO2_abs="176232.302594" HC_abs="59.374417" PMx_abs="26.242735" NOx_abs="17.249948" fuel_abs="56724.000754" electricity_abs="0"/>
    </tripinfo>
    <tripinfo id="fe.16" depart="155.00" departLane="gneE3_0" departPos="5.10" departSpeed="0.00" departDelay="0.05" arrival="278.00" arrivalLane="gneE2_0" arrivalPos="500.00" arrivalSpeed="8.33" duration="123.00" routeLength="1005.40" waitingTime="0.00" waitingCount="0" stopTime="0.00" timeLoss="1.78" rerouteNo="0" devices="tripinfo_fe.16 emissions_fe.16" vType="AV" speedFactor="1.14" vaporized="">
        <emissions CO_abs="336.517265" CO2_abs="180443.112665" HC_abs="61.596716" PMx_abs="28.704787" NOx_abs="13.404776" fuel_abs="58080.662770" electricity_abs="0"/>
    </tripinfo>
    <tripinfo id="fw.19" depart="156.00" departLane="gneE7_0" departPos="5.10" departSpeed="0.00" departDelay="0.87" arrival="291.00" arrivalLane="gneE2_0" arrivalPos="500.00" arrivalSpeed="7.28" duration="135.00" routeLength="1021.51" waitingTime="0.00" waitingCount="0" stopTime="0.00" timeLoss="12.00" rerouteNo="0" devices="tripinfo_fw.19 emissions_fw.19" vType="HV" speedFactor="1.14" vaporized="">
        <emissions CO_abs="355.207125" CO2_abs="169802.647941" HC_abs="54.752891" PMx_abs="20.236078" NOx_abs="26.731942" fuel_abs="54650.933008" electricity_abs="0"/>
    </tripinfo>
    <tripinfo id="fe.17" depart="167.00" departLane="gneE3_0" departPos="5.10" departSpeed="0.00" departDelay="0.21" arrival="292.00" arrivalLane="gneE8_0" arrivalPos="500.00" arrivalSpeed="8.33" duration="125.00" routeLength="1022.92" waitingTime="0.00" waitingCount="0" stopTime="0.00" timeLoss="1.29" rerouteNo="0" devices="tripinfo_fe.17 emissions_fe.17" vType="AV" speedFactor="0.97" vaporized="">
        <emissions CO_abs="344.162966" CO2_abs="183600.500415" HC_abs="62.782626" PMx_abs="29.329534" NOx_abs="13.968492" fuel_abs="59096.947532" electricity_abs="0"/>
    </tripinfo>
    <tripinfo id="fs.16" depart="167.00" departLane="gneE5_0" departPos="5.10" departSpeed="0.00" departDelay="0.99" arrival="292.00" arrivalLane="gneE8_1" arrivalPos="500.00" arrivalSpeed="8.33" duration="125.00" routeLength="1021.53" waitingTime="0.00" waitingCount="0" stopTime="0.00" timeLoss="1.72" rerouteNo="0" devices="tripinfo_fs.16 emissions_fs.16" vType="AV" speedFactor="0.95" vaporized="">
        <emissions CO_abs="341.843500" CO2_abs="183229.364108" HC_abs="62.577951" PMx_abs="29.196120" NOx_abs="13.593938" fuel_abs="58977.514399" electricity_abs="0"/>
    </tripinfo>
    <tripinfo id="fn.19" depart="156.00" departLane="gneE1_0" departPos="5.10" departSpeed="0.00" departDelay="0.94" arrival="293.00" arrivalLane="gneE6_0" arrivalPos="500.00" arrivalSpeed="7.41" duration="137.00" routeLength="1022.95" waitingTime="1.00" waitingCount="1" stopTime="0.00" timeLoss="13.94" rerouteNo="0" devices="tripinfo_fn.19 emissions_fn.19" vType="HV" speedFactor="1.10" vaporized="">
        <emissions CO_abs="366.927639" CO2_abs="175806.350145" HC_abs="57.623445" PMx_abs="20.832621" NOx_abs="27.305884" fuel_abs="56583.716326" electricity_abs="0"/>
    </tripinfo>
    <tripinfo id="fn.20" depart="168.00" departLane="gneE1_0" departPos="5.10" departSpeed="0.00" departDelay="0.08" arrival="294.00" arrivalLane="gneE8_0" arrivalPos="500.00" arrivalSpeed="8.33" duration="126.00" routeLength="1005.39" waitingTime="0.00" waitingCount="0" stopTime="0.00" timeLoss="5.09" rerouteNo="0" devices="tripinfo_fn.20 emissions_fn.20" vType="AV" speedFactor="1.07" vaporized="">
        <emissions CO_abs="376.040838" CO2_abs="195429.663689" HC_abs="65.240677" PMx_abs="28.665922" NOx_abs="18.002438" fuel_abs="62902.781401" electricity_abs="0"/>
    </tripinfo>
    <tripinfo id="fn.18" depart="151.00" departLane="gneE1_0" departPos="5.10" departSpeed="0.00" departDelay="0.21" arrival="296.00" arrivalLane="gneE4_0" arrivalPos="500.00" arrivalSpeed="8.33" duration="145.00" routeLength="1021.53" waitingTime="17.00" waitingCount="2" stopTime="0.00" timeLoss="21.55" rerouteNo="0" devices="tripinfo_fn.18 emissions_fn.18" vType="AV" speedFactor="0.91" vaporized="">
        <emissions CO_abs="371.255213" CO2_abs="214921.221108" HC_abs="72.083252" PMx_abs="29.243615" NOx_abs="16.650568" fuel_abs="69177.623989" electricity_abs="0"/>
    </tripinfo>
    <tripinfo id="fn.21" depart="176.00" departLane="gneE1_0" departPos="5.10" departSpeed="0.00" departDelay="0.22" arrival="301.00" arrivalLane="gneE8_0" arrivalPos="500.00" arrivalSpeed="8.33" duration="125.00" routeLength="1005.39" waitingTime="0.00" waitingCount="0" stopTime="0.00" timeLoss="3.57" rerouteNo="0" devices="tripinfo_fn.21 emissions_fn.21" vType="AV" speedFactor="1.03" vaporized="">
        <emissions CO_abs="362.890791" CO2_abs="189563.078034" HC_abs="63.889765" PMx_abs="28.515588" NOx_abs="17.274780" fuel_abs="61015.005556" electricity_abs="0"/>
    </tripinfo>
    <tripinfo id="fs.18" depart="178.00" departLane="gneE5_0" departPos="5.10" departSpeed="0.00" departDelay="0.23" arrival="301.00" arrivalLane="gneE4_0" arrivalPos="500.00" arrivalSpeed="8.33" duration="123.00" routeLength="1005.39" waitingTime="0.00" waitingCount="0" stopTime="0.00" timeLoss="1.88" rerouteNo="0" devices="tripinfo_fs.18 emissions_fs.18" vType="AV" speedFactor="0.98" vaporized="">
        <emissions CO_abs="340.665696" CO2_abs="181311.789645" HC_abs="61.758525" PMx_abs="28.528561" NOx_abs="14.301729" fuel_abs="58360.018069" electricity_abs="0"/>
    </tripinfo>
    <tripinfo id="fs.17" depart="170.00" departLane="gneE5_0" departPos="5.10" departSpeed="0.00" departDelay="1.54" arrival="305.00" arrivalLane="gneE8_0" arrivalPos="500.00" arrivalSpeed="8.21" duration="135.00" routeLength="1021.53" waitingTime="0.00" waitingCount="0" stopTime="0.00" timeLoss="12.04" rerouteNo="0" devices="tripinfo_fs.17 emissions_fs.17" vType="HV" speedFactor="1.08" vaporized="">
        <emissions CO_abs="364.033693" CO2_abs="173374.612700" HC_abs="55.853181" PMx_abs="20.517822" NOx_abs="27.791348" fuel_abs="55800.438957" electricity_abs="0"/>
    </tripinfo>
    <tripinfo id="fs.19" depart="181.00" departLane="gneE5_0" departPos="5.10" departSpeed="0.00" departDelay="0.32" arrival="306.00" arrivalLane="gneE8_1" arrivalPos="500.00" arrivalSpeed="8.33" duration="125.00" routeLength="1021.53" waitingTime="0.00" waitingCount="0" stopTime="0.00" timeLoss="1.57" rerouteNo="0" devices="tripinfo_fs.19 emissions_fs.19" vType="AV" speedFactor="1.25" vaporized="">
        <emissions CO_abs="347.660630" CO2_abs="183652.646338" HC_abs="62.627600" PMx_abs="28.951373" NOx_abs="14.992822" fuel_abs="59113.409210" electricity_abs="0"/>
    </tripinfo>
    <tripinfo id="fw.21" depart="185.00" departLane="gneE7_0" departPos="5.10" departSpeed="0.00" departDelay="0.39" arrival="309.00" arrivalLane="gneE2_0" arrivalPos="500.00" arrivalSpeed="8.33" duration="124.00" routeLength="1021.51" waitingTime="0.00" waitingCount="0" stopTime="0.00" timeLoss="1.28" rerouteNo="0" devices="tripinfo_fw.21 emissions_fw.21" vType="AV" speedFactor="0.87" vaporized="">
        <emissions CO_abs="341.930728" CO2_abs="181688.155443" HC_abs="62.092022" PMx_abs="28.908539" NOx_abs="14.242480" fuel_abs="58481.298945" electricity_abs="0"/>
    </tripinfo>
    <tripinfo id="fw.20" depart="179.00" departLane="gneE7_0" departPos="5.10" departSpeed="0.00" departDelay="0.86" arrival="312.00" arrivalLane="gneE6_0" arrivalPos="500.00" arrivalSpeed="7.94" duration="133.00" routeLength="1005.42" waitingTime="0.00" waitingCount="0" stopTime="0.00" timeLoss="12.00" rerouteNo="0" devices="tripinfo_fw.20 emissions_fw.20" vType="HV" speedFactor="1.06" vaporized="">
        <emissions CO_abs="356.841933" CO2_abs="173197.867108" HC_abs="55.971570" PMx_abs="20.902480" NOx_abs="26.146968" fuel_abs="55744.037385" electricity_abs="0"/>
    </tripinfo>
    <tripinfo id="fe.18" depart="186.00" departLane="gneE3_0" departPos="5.10" departSpeed="0.00" departDelay="0.22" arrival="313.00" arrivalLane="gneE8_0" arrivalPos="500.00" arrivalSpeed="8.33" duration="127.00" routeLength="1022.92" waitingTime="0.00" waitingCount="0" stopTime="0.00" timeLoss="3.69" rerouteNo="0" devices="tripinfo_fe.18 emissions_fe.18" vType="AV" speedFactor="1.10" vaporized="">
        <emissions CO_abs="363.839333" CO2_abs="190890.736562" HC_abs="64.317769" PMx_abs="29.025358" NOx_abs="16.304184" fuel_abs="61442.492059" electricity_abs="0"/>
    </tripinfo>
    <tripinfo id="fs.20" depart="185.00" departLane="gneE5_0" departPos="5.10" departSpeed="0.00" departDelay="0.66" arrival="318.00" arrivalLane="gneE4_0" arrivalPos="500.00" arrivalSpeed="8.13" duration="133.00" routeLength="1005.39" waitingTime="0.00" waitingCount="0" stopTime="0.00" timeLoss="11.46" rerouteNo="0" devices="tripinfo_fs.20 emissions_fs.20" vType="HV" speedFactor="1.02" vaporized="">
        <emissions CO_abs="365.907768" CO2_abs="174464.292205" HC_abs="56.263883" PMx_abs="20.759608" NOx_abs="27.743466" fuel_abs="56151.227300" electricity_abs="0"/>
    </tripinfo>
    <tripinfo id="fn.22" depart="188.00" departLane="gneE1_0" departPos="5.10" departSpeed="0.00" departDelay="0.57" arrival="318.00" arrivalLane="gneE6_0" arrivalPos="500.00" arrivalSpeed="8.33" duration="130.00" routeLength="1022.95" waitingTime="3.00" waitingCount="1" stopTime="0.00" timeLoss="6.75" rerouteNo="0" devices="tripinfo_fn.22 emissions_fn.22" vType="AV" speedFactor="0.97" vaporized="">
        <emissions CO_abs="369.280216" CO2_abs="196192.157319" HC_abs="65.976054" PMx_abs="29.088271" NOx_abs="17.037128" fuel_abs="63148.771533" electricity_abs="0"/>
    </tripinfo>
    <tripinfo id="fs.21" depart="190.00" departLane="gneE5_0" departPos="5.10" departSpeed="0.00" departDelay="0.64" arrival="318.00" arrivalLane="gneE2_0" arrivalPos="500.00" arrivalSpeed="8.33" duration="128.00" routeLength="1022.91" waitingTime="0.00" waitingCount="0" stopTime="0.00" timeLoss="4.44" rerouteNo="0" devices="tripinfo_fs.21 emissions_fs.21" vType="AV" speedFactor="1.13" vaporized="">
        <emissions CO_abs="337.291400" CO2_abs="176224.672005" HC_abs="59.382461" PMx_abs="26.338866" NOx_abs="16.573998" fuel_abs="56721.695131" electricity_abs="0"/>
    </tripinfo>
    <tripinfo id="fs.22" depart="197.00" departLane="gneE5_0" departPos="5.10" departSpeed="0.00" departDelay="0.07" arrival="321.00" arrivalLane="gneE4_0" arrivalPos="500.00" arrivalSpeed="8.33" duration="124.00" routeLength="1005.39" waitingTime="0.00" waitingCount="0" stopTime="0.00" timeLoss="2.31" rerouteNo="0" devices="tripinfo_fs.22 emissions_fs.22" vType="AV" speedFactor="1.02" vaporized="">
        <emissions CO_abs="337.566556" CO2_abs="175208.957122" HC_abs="59.314495" PMx_abs="26.665824" NOx_abs="16.511158" fuel_abs="56394.889589" electricity_abs="0"/>
    </tripinfo>
    <tripinfo id="fn.23" depart="192.00" departLane="gneE1_0" departPos="5.10" departSpeed="0.00" departDelay="0.54" arrival="322.00" arrivalLane="gneE4_0" arrivalPos="500.00" arrivalSpeed="8.33" duration="130.00" routeLength="1021.53" waitingTime="4.00" waitingCount="1" stopTime="0.00" timeLoss="6.86" rerouteNo="0" devices="tripinfo_fn.23 emissions_fn.23" vType="AV" speedFactor="0.99" vaporized="">
        <emissions CO_abs="366.641287" CO2_abs="195339.295957" HC_abs="66.257862" PMx_abs="29.110151" NOx_abs="16.909792" fuel_abs="62874.596857" electricity_abs="0"/>
    </tripinfo>
    <tripinfo id="fw.22" depart="192.00" departLane="gneE7_0" departPos="5.10" departSpeed="0.00" departDelay="0.31" arrival="326.00" arrivalLane="gneE6_0" arrivalPos="500.00" arrivalSpeed="8.04" duration="134.00" routeLength="1005.42" waitingTime="0.00" waitingCount="0" stopTime="0.00" timeLoss="12.58" rerouteNo="0" devices="tripinfo_fw.22 emissions_fw.22" vType="HV" speedFactor="0.94" vaporized="">
        <emissions CO_abs="352.264054" CO2_abs="170842.184384" HC_abs="55.057724" PMx_abs="20.362343" NOx_abs="25.947079" fuel_abs="54985.721527" electricity_abs="0"/>
    </tripinfo>
    <tripinfo id="fw.23" depart="201.00" departLane="gneE7_0" departPos="5.10" departSpeed="0.00" departDelay="0.32" arrival="327.00" arrivalLane="gneE2_0" arrivalPos="500.00" arrivalSpeed="8.33" duration="126.00" routeLength="1021.51" waitingTime="0.00" waitingCount="0" stopTime="0.00" timeLoss="2.70" rerouteNo="0" devices="tripinfo_fw.23 emissions_fw.23" vType="AV" speedFactor="1.03" vaporized="">
        <emissions CO_abs="366.599034" CO2_abs="191115.018183" HC_abs="64.569570" PMx_abs="29.227954" NOx_abs="16.818906" fuel_abs="61514.686774" electricity_abs="0"/>
    </tripinfo>
    <tripinfo id="fs.24" depart="203.00" departLane="gneE5_0" departPos="5.10" departSpeed="0.00" departDelay="1.54" arrival="327.00" arrivalLane="gneE4_0" arrivalPos="500.00" arrivalSpeed="8.33" duration="124.00" routeLength="1005.39" waitingTime="0.00" waitingCount="0" stopTime="0.00" timeLoss="3.16" rerouteNo="0" devices="tripinfo_fs.24 emissions_fs.24" vType="AV" speedFactor="1.12" vaporized="">
        <emissions CO_abs="332.432082" CO2_abs="176466.502817" HC_abs="59.822711" PMx_abs="27.225167" NOx_abs="14.579742" fuel_abs="56800.143174" electricity_abs="0"/>
    </tripinfo>
    <tripinfo id="fe.19" depart="189.00" departLane="gneE3_0" departPos="5.10" departSpeed="0.00" departDelay="1.78" arrival="330.00" arrivalLane="gneE8_0" arrivalPos="500.00" arrivalSpeed="7.86" duration="141.00" routeLength="1022.92" waitingTime="2.00" waitingCount="2" stopTime="0.00" timeLoss="17.82" rerouteNo="0" devices="tripinfo_fe.19 emissions_fe.19" vType="HV" speedFactor="1.18" vaporized="">
        <emissions CO_abs="383.117510" CO2_abs="190379.488976" HC_abs="61.060094" PMx_abs="21.968679" NOx_abs="27.640933" fuel_abs="61273.896364" electricity_abs="0"/>
    </tripinfo>
    <tripinfo id="fs.25" depart="208.00" departLane="gneE5_0" departPos="5.10" departSpeed="0.00" departDelay="0.11" arrival="331.00" arrivalLane="gneE4_0" arrivalPos="500.00" arrivalSpeed="8.33" duration="123.00" routeLength="1005.39" waitingTime="0.00" waitingCount="0" stopTime="0.00" timeLoss="1.88" rerouteNo="0" devices="tripinfo_fs.25 emissions_fs.25" vType="AV" speedFactor="1.03" vaporized="">
        <emissions CO_abs="338.663863" CO2_abs="180657.087196" HC_abs="61.567085" PMx_abs="28.505172" NOx_abs="14.009299" fuel_abs="58149.354033" electricity_abs="0"/>
    </tripinfo>
</tripinfos>
